Summons Number,Plate ID,Registration State,Issue Date,Violation Code,Vehicle Body Type,Vehicle Make,Vehicle Expiration Date,House Number,Street Name,Vehicle Color,Vehicle Year
1363748579,RR76Y0,PA,7/9/2015,20,SUBN,VOLKS,0,543,ATLANTIC AVE,GY,0
1320811292,GXD9050,NY,6/21/2017,40,SUBN,NISSA,20170303,1050,SOUNDVIEW AVE,GRAY,2005
1364283190,GMF2021,NY,6/10/2015,40,SDN,SUBAR,20150618,458,FRANKLIN AVE,WH,0
1324643080,T665030C,99,7/8/2015,14,SDN,,20160228,209,EMPIRE BLVD,BLK,2007
1131625523,GXD9981,NY,7/1/2015,70,VAN,CHEVR,20170326,,222ND STREET,BLUE,2003
1334907973,VFX6925,VA,7/14/2015,20,SUBN,DODGE,0,451,CLARKSON AVE,BLACK,0
1253096983,XPSITVID,NY,6/13/2015,68,SUBN,NISSA,20150820,,,,0
1338353123,OASUL4,CT,6/20/2015,67,SDN,FORD,0,,BLOOMINGDALE PARK,WHITE,0
1259654953,GUU8861,NY,7/8/2015,71,SDN,FORD,20151218,272,STERLING PL,SILVR,1999
1340890811,GLZ8195,NY,7/6/2015,24,SDN,NISSA,20160316,1400,PELHAM PKWY SOUTH,GY,2010
1259658053,GJZ1244,NY,7/9/2015,21,SUBN,CHEVR,20150926,17,HUMBOLDT ST,WH,1998
1345457236,JGF3131,PA,6/29/2015,17,VAN,,0,67-69,SCHMERHORN ST,GRAY,0
1259660357,X78FAC,NJ,7/8/2015,37,SUBN,CHRYS,0,1024,MANHATTAN AVE,GY,0
1259663140,GLH9426,NY,7/8/2015,40,SDN,LEXUS,20151202,,N/S EASTERN PKWY,GR,2008
1354183617,T656842C,NY,6/23/2015,50,SDN,FORD,20151231,,S/S LAFAYETTE AVE,GR,2010
1259665574,GKU1906,NY,7/12/2015,14,SDN,INFIN,20170301,38,SCHERMERHORN ST,SILVR,2001
1354186084,GUV1911,NY,7/2/2015,46,SUBN,TOYOT,20150705,290,WILLOUGHBY AVE,BK,2007
1259667790,XCHP72,NJ,7/9/2015,14,DELV,INTER,0,102,JAY ST,YELLO,0
1354901812,GNE7624,NY,6/28/2015,20,SUBN,CHRYS,20160306,40,RIVER ROAD,GREY,2014
1259669877,GXM7949,NY,7/8/2015,14,SUBN,KIA,20160930,57,FRONT ST,GRY,2015
1357601128,GEW3681,NY,7/11/2015,40,SDN,AUDI,20170409,46,ROXBURY ST,BLACK,1998
1259671926,GUV1563,NY,7/9/2015,40,SDN,TOYOT,20161218,385,WARWICK ST,GY,2010
1359168746,GUV1268,NY,6/11/2015,98,SDN,ACURA,20161225,2000,EAST TREMONT,SILVE,2002
1259674186,JVF3472,PA,7/9/2015,21,SUBN,FORD,0,851,HERKIMER ST,BL,0
1360729434,GEF9663,NY,6/20/2015,71,SUBN,FORD,20170507,2595,3RD AVE,BLACK,0
1259676493,GRZ7626,NY,7/9/2015,21,SDN,BMW,20160724,150,MARCY AVE,GREY,2002
1268217694,G65FAE,NJ,6/14/2015,17,SDN,CHEVR,0,283,WEST BROADWAY,SILVE,0
1361792360,GBW2936,NY,6/16/2015,21,SDN,MINI,20161018,271,AVENUE C,GREEN,2008
1286751056,GZL1308,NY,7/11/2015,16,SUBN,FORD,20150724,,S/S DEKALB AVE,SILVE,2012
1363605793,GHJ6123,NY,6/27/2015,17,SDN,TOYOT,20150708,5,W 31 ST,GRY,2007
1297682531,GFL4220,NY,6/26/2015,46,SUBN,HONDA,20170321,248,TROY AVE,BLUE,2010
1370767432,XCVMIA,NJ,7/7/2015,46,VAN,FORD,0,99,10 AVE,WHITE,2011
1364499940,GNV8781,NY,6/6/2015,46,SDN,CHEVR,20160319,159,ROCKAWAY AVE,BL,2008
1371154533,GXA9198,NY,6/24/2015,20,SDN,HONDA,20170520,660,RIVER AVE,BLACK,2009
1365227285,GTC2673,NY,7/7/2015,14,SDN,BMW,20170129,387,ARLINGTON AVE,GY,2003
1371846080,GWK2812,NY,6/28/2015,20,SDN,BL,20170211,167,B 27 ST,BLUE,2003
1365806261,GJM2609,NY,6/16/2015,40,SDN,BMW,20150818,471,CENTRAL AVE,BLACK,2007
1371882927,LIH723,SC,7/5/2015,19,,JEEP,0,20,BATTERY PL,RD,0
1366229101,XAGC22,NJ,7/1/2015,46,DELV,FRUEH,0,215,,WHT,0
1366602213,GPW4483,NY,7/3/2015,71,FOUR,MERCU,20160609,1115,WOODYCREST AVE,GRAY,2004
1371952176,GSS8978,NY,6/12/2015,71,SUBN,HYUND,20160924,,MILLER FIELD,BROWN,2003
1366812268,GGY8050,NY,6/17/2015,70,SUBN,DODGE,20150531,1511,SHERIDAN AVE,GY,2012
1372102723,HZG5065,PA,6/12/2015,17,SDN,ACURA,0,25,CENTRAL PARK WEST,GRAY,0
1368073219,T653945C,NY,7/4/2015,10,TAXI,TOYOT,20150731,,N/S WEST HOUSTON,BLACK,2013
1372508922,GYS9678,NY,6/23/2015,71,SDN,MERCU,20140610,2900,VETERANS RD W,WH,1999
1368113205,S76FEV,NJ,6/27/2015,67,SUBN,GMC,0,,RANDALLS ISLAND,BURGU,0
1372899832,XAGW54,NJ,6/29/2015,46,DELV,MERCU,0,149-20,JAMAICA AVE,YELLO,0
1368196044,GPH8376,NY,6/14/2015,20,SDN,HONDA,20161019,372,FRANKLIN AVE,GY,2005
1373149050,WSX62H,NJ,6/24/2015,21,SDN,VOLKS,0,505,CARROLL ST,WH,0
1368285181,GCZ9782,NY,7/9/2015,71,SDN,NISSA,20170113,1414,SHORE BLVD,,0
1373151651,GWC8311,NY,6/30/2015,21,SUBN,TOYOT,20170331,,E/B 44 AVE,GRY,2007
1373248786,T629956C,NY,7/6/2015,19,SDN,CHEVR,20160131,,LGA-TERM D. (ROADWAY,BLK,2013
1368421430,GJS1736,NY,6/21/2015,74,SUBN,ME/BE,20150822,513,W 54 ST,BK,2011
1373980126,JPL6993,PA,6/20/2015,46,SDN,BMW,20150831,222,LENOX RD,GREY,0
1368475619,XNA2031,VA,6/30/2015,14,SUBN,JEEP,0,,N/S W 100,BK,0
1374214024,JRA8008,PA,7/3/2015,14,SDN,CHEVR,0,100,E 12TH ST,WH,0
1368487210,GFK1828,NY,7/15/2015,70,SDN,HONDA,20150318,189,KENSIGTON ST,WH,2013
1374819451,JCS1974,PA,7/4/2015,46,SDN,NISSA,20151031,1821,UNIVERSITY,,0
1368631629,N7A974,NY,7/10/2015,19,SDN,TOYOT,20170511,43-13,BROADWAY,BLUE,2003
1374880486,TN108557,AL,7/4/2015,40,SDN,MINI,20150712,2817,W 12 ST,BROWN,2009
1368885068,H38ELL,NJ,6/24/2015,21,,CHEVR,0,332,BLEECKER ST,WHITE,0
1374916869,U19FKH,NJ,7/3/2015,20,SDN,HONDA,20170630,2951,WEST 8 STREET,WHITE,0
1369561040,GUA6796,NY,6/9/2015,46,SDN,VOLKS,20161225,769,SARATOGA AVE,RED,2003
1364466697,TEY57E,NJ,6/30/2015,46,DELV,FRUEH,0,166-07,HILLSIDE AVE,WH,2014
1364494851,GDP5173,NY,6/30/2015,19,SDN,PONTI,20150815,160,RICHMOND TERR,WHITE,0
1370558107,GEU7784,NY,7/1/2015,21,SDN,MITSU,20161017,124-13,JAMAICA AVE,BLACK,2003
1375171690,PA10KA,NY,5/19/2015,70,P-U,HONDA,20150508,689,ESSEX,BL,2009
1377982622,GZJ4966,NY,7/5/2015,46,SDN,DODGE,20150810,4002,CARPENTER AVE,GRAY,2015
1375195426,T61382SC,NY,6/8/2015,46,SDN,TOYOT,20151031,366,ETNA ST,WH,2010
1375199547,GYB5068,NY,7/2/2015,50,SDN,NISSA,20170518,,W/S LINCOLN AVE,WHITE,2015
1376110362,GJS1828,NY,6/29/2015,40,SDN,ME/BE,20150829,11,GRANITE AVE,BK,2004
1375406190,T29EDS,NJ,6/28/2015,46,SDN,,20170930,163-07,BAISLEY BLVD,GY,0
1376450707,JTP2325,PA,6/16/2015,19,SDN,LEXUS,0,1594,FLATBUSH AVE,GRN,0
1375478280,JVM9159,PA,6/24/2015,21,SUBN,HONDA,0,6684,FRESH POND RD,GRAY,0
1376711448,GLK7009,NY,6/29/2015,40,SDN,CADIL,20151106,274,LINDEN BLVD,SILVE,1999
1375648482,RR3B79,PA,7/2/2015,74,SUBN,DODGE,20150702,,C/O BEACH 83,GY,0
1375752420,XY652B,NJ,7/11/2015,78,COMM,HINO,0,1750,TOMLINSON AVE,WHITE,0
1376756122,GSG8648,NY,6/26/2015,46,SUBN,JEEP,20160623,1270,E 19 ST,BK,2014
1375826694,T666266C,NY,7/20/2015,14,SDN,TOYOT,20160131,40,WEST 225 ST,BLK,2015
1376798608,GYR6225,NY,7/4/2015,19,SUBN,GMC,20160930,1575,FLATBUSH AVE,WHT,2015
1375829853,GPR3308,NY,7/20/2015,71,SDN,TOYOT,20160508,3136,WEBSTER AVE,BLUE,1998
1377043551,GAL5206,NY,6/22/2015,20,SUBN,NISSA,20160718,49-29,CLOVERDALE BLVD,GY,0
1375872229,GFV1253,NY,6/21/2015,51,SUBN,TOYOT,20170328,,,,0
1377109483,GZD3356,NY,7/23/2015,98,SUBN,HONDA,20170708,41-46,68 ST,TAN,2004
1375875966,GTW7159,NY,6/27/2015,46,SUBN,NISSA,20160915,1070,ANDERSON AVE,BLACK,2011
1377257964,GVU8411,NY,7/3/2015,46,SUBN,JEEP,20170116,47,W 175 STREET,BLACK,2015
1375912586,GXA9309,NY,7/3/2015,46,SDN,LEXUS,20151223,3743,WHITE PLAINS RD,BLUE,2005
1377344988,S4376K,TN,7/11/2015,40,SDN,KIA,0,299,E 172 ST,BLUE,0
1375927413,GCJ6310,NY,6/15/2015,46,SDN,HYUND,20150721,2582,BRIGGS AVE,GRY,2014
1375942189,GYW6761,NY,6/20/2015,74,SDN,HONDA,20150718,51,NORTH ST,BLUE,2012
1377425393,GXV4771,NY,7/17/2015,67,SUBN,CHEVR,20170504,24-22,BEACH CHANNEL DRIVE,TAN,2005
1375945221,GUV7569,NY,6/28/2015,14,SUBN,CHRYS,20170211,2202,LURING PL,GY,2001
1377452748,GCW6944,NY,6/19/2015,40,SDN,HONDA,20170228,,C/O B 105 ST,GREEN,1999
1375958537,GCS1747,NY,7/11/2015,46,SDN,BMW,20161226,1065,JEROME AVE,BLACK,2009
1377469852,GEG5294,NY,6/26/2015,46,SDN,ME/BE,20170116,120,BEACH 19 ST,GY,2008
1376014415,GEX361Y,NY,7/4/2015,46,VAN,CHRYS,20170531,34-41,JEROME AVE,BL,2005
1377486679,GHS1548,NY,7/12/2015,20,SUBN,HONDA,20150729,1721,SEAGIRT BLVD,SILVE,2003
1376075155,GPN6361,NY,6/16/2015,40,SUBN,,20160427,282,DIVANT AVE,BLK,2014
1377505121,GJH4953,NY,6/18/2015,14,SDN,NISSA,20150729,112-02,112 AVE,RED,2013
1379671930,OAPVMO,CT,7/6/2015,21,P-U,NISSA,0,140,ELDRIDGE ST,SILVE,0
1378187120,GFD7443,NY,7/19/2015,40,SUBN,HONDA,20170412,2769,CRESTON AVE,BLACK,2011
1379704558,V8713A,TN,7/6/2015,21,SDN,FORD,0,4067,BROADWAY,RED,0
1378277790,GTD4694,NY,6/29/2015,17,SDN,HONDA,20160918,425,MAIN ST,WH,2014
1378965139,GPR4335,NY,7/1/2015,71,SDN,VOLKS,20160603,3601,WALDO AVE,SIL,0
1379753740,GSH1850,NY,7/1/2015,21,SDN,VOLKS,20160814,1212,DINSMORE AVE,WHITE,2014
1378989727,T663036C,NY,7/10/2015,46,SDN,TOYOT,20160228,249,W 231 ST,BK,2009
1379755876,GVD6453,NY,7/8/2015,21,SDN,FORD,20170305,349,BEACH 57 ST,RED,1998
1379011863,GDE8596,NY,7/12/2015,40,SDN,TOYOT,20170306,827,E 231 ST,RED,2006
1379758932,GTC3645,NY,7/2/2015,21,SDN,ACURA,20170317,149-35,BARCLAY AVE,RED,0
1379025187,HAM5328,NY,7/22/2015,98,SUBN,TOYOT,20150724,6036,HUXYLEY AVE,WH,2015
1379771584,JTY4598,PA,6/24/2015,21,SUBN,FORD,0,82-37,164TH STREET,WHITE,0
1379087314,GCE8244,NY,7/11/2015,67,SDN,HONDA,0,617,CRESCENT AVE,GY,0
1379790177,GHF6894,NY,6/26/2015,45,SUBN,JEEP,20150612,18-31,HAZEN ST,BLACK,2014
1379171842,GUM9829,NY,7/12/2015,46,SDN,TOYOT,20161117,914,AVE 7,RED,2014
1379919344,YZJ2257,PA,6/20/2015,78,TRUC,FORD,0,648,WARWICK STREET,WHITE,1998
1379236447,GCE6390,NY,6/21/2015,20,VAN,CHRYS,20160909,310,KINGSTON AVE,GRAY,0
1379288198,GXY6237,NY,7/3/2015,20,SDN,FORD,20170617,102-15,SEAVIEW AVE,TAN,2004
1380053407,JCF9375,PA,6/20/2015,21,SDN,SATUR,0,347,UTICA AVE,GRAY,0
1379463099,GYJ4132,NY,7/7/2015,20,SDN,DODGE,20150803,2241,HAMPDEN PL,BLK,2012
1380320112,GVZ1932,NY,6/29/2015,21,VAN,FORD,20170205,,F/O EAST 174 ST,BLUE,2007
1379495039,GDZ6998,NY,7/17/2015,70,SDN,TOYOT,20150502,807,HUNTS POINT AVE,GY,2001
1380322327,GKL9328,NY,6/23/2015,21,SUBN,HONDA,20150919,171,W 179 ST,RED,2014
1379503644,T666505C,NY,7/11/2015,20,SDN,HONDA,20160228,,N/E C/O WEBB AVE,BLUE,2015
1380324038,GWG6121,NY,7/2/2015,21,SDN,TOYOT,20170318,2271,CRESTON AVE,GRY,2015
1379517308,GXW6023,NY,7/7/2015,71,SUBN,BMW,20170625,,N/EC/O E 230,GRAY,2003
1380325997,GMK1169,NY,7/10/2015,21,SUBN,DODGE,20160421,56,EAST KINGSBRIDGE ROA,BLUE,2005
1379529943,GZY9036,NY,7/8/2015,98,SDN,AUDI,20151110,2455,SEDGWICK AVE,BLK,2004
1380341048,GSA4331,NY,6/23/2015,21,FOUR,AUDI,20161103,1460,BLONDELL AVE,BLACK,2003
1379533405,GZH2819,NY,7/24/2015,71,SDN,ME/BE,20170629,309,MOSHULO PKWY,BLACK,2009
1380362660,GXA7623,NY,7/10/2015,21,SUBN,NISSA,20160207,,N/S JENNINGS ST,WHITE,2014
1380371314,R87FKK,NJ,6/23/2015,21,SUBN,BMW,0,139,W 169TH ST,BLACK,0
1379596336,GMH8934,NY,6/23/2015,46,SDN,LEXUS,20160401,90-15,QUEENS BLVD,SILVE,2005
1378067265,GUK3746,NY,7/8/2015,40,SDN,VOLKS,20161219,,C/O 225 ST,SILVE,2001
1379627795,GTB3235,NY,7/11/2015,27,SUBN,CHEVR,20161113,50-14,ROOSEVELT AVE,ORANG,2002
1380413072,GHN5746,NY,7/11/2015,21,SDN,NISSA,20170704,750,MORRIS PARK AVE,GREY,2010
1381608700,GVP4972,NY,6/18/2015,71,SUBN,FORD,20160501,347,E 118 ST,GRAY,2004
1380420740,T63P9B,NJ,7/12/2016,80,TRL,,0,,W/S LOGAN ST,,0
1380446703,GYD3542,NY,7/7/2015,40,SDN,FORD,20170603,379,THROOP AVE,BROWN,2002
1381089744,GSR4405,NY,6/20/2015,40,SUBN,BMW,20160828,856,REMSEN AVE,GY,2007
1380515221,ZBG8223,PA,6/22/2015,78,DELV,GMC,0,154,BROOME ST,WHITE,0
1381102098,GYA3141,NY,6/16/2015,21,SDN,,20150718,965,E 84 ST,WT,2012
1380540756,GLH2085,NY,7/6/2015,14,SDN,ME/BE,20151112,184,BLEECKER STREET,SILVR,2014
1380606100,JPY5307,PA,6/28/2015,14,SDN,ACURA,0,611,W 50 ST,BLACK,0
1381157853,GXN4921,NY,6/28/2015,14,SDN,ME/BE,20170506,3300,CONEY ISLAND AVE,TAN,2006
1380769711,GTC8192,NY,6/29/2015,20,SDN,FORD,20150805,1626,E 172 ST,WH,2011
1381203309,GDX5820,NY,7/19/2015,51,SUBN,CHEVR,20170331,,134 ST,WHITE,2004
1380825167,GVG3140,NY,6/30/2015,50,SDN,FORD,20161113,500,E 161 ST,GREY,2015
1381216729,GLL5224,NY,6/22/2015,99,SDN,NISSA,20151223,110-46,SUTPHIN BLVD,BK,1997
1380850113,GZM8867,NY,7/11/2015,24,SDN,VOLVO,20160930,,I/O 303-325 E 135TH,BLACK,2015
1381231044,T622461C,NY,6/22/2015,14,SDN,LINCO,20160331,,S/W C/O SUTPHIN BLVD,BK,2007
1380856190,GHN9239,NY,6/29/2015,20,SDN,TOYOT,20150822,701,CRAMFORD AVE,BLUE,2007
1381237472,GTS7756,NY,6/26/2015,46,SDN,TOYOT,20161113,Dec-88,CENTRAL AVE,GY,2007
1380872250,GZ41309,NY,7/18/2015,74,SDN,HONDA,20170609,1,CRIMI RD,BLK,2008
1381251602,GTS7167,NY,6/22/2015,21,SUBN,CHRYS,20161109,157,BCH 93 ST,GY,1999
1380879309,T659710C,NY,7/23/2015,67,SDN,TOYOT,20151031,1641,GRAND AVE,GRAY,2010
1380891814,T675947C,NY,7/5/2015,14,SUBN,DODGE,20160430,2180,GRAND CONCORSE,GREEN,2014
1381285521,JHX0146,PA,7/5/2015,46,SDN,HONDA,0,108-18,JAMAICA AVE,GR,0
1380900098,GZH1265,NY,6/21/2015,98,SDN,CHEVR,20170611,2537,FRISBY AVE,GOLD,1999
1381397013,GPP2315,NY,7/8/2015,98,SUBN,TOYOT,20160531,31-25,87 ST,GY,2004
1380975578,GBV7397,MD,7/11/2015,14,SDN,MAZDA,20170131,129,HAMILTON AVE,BL,0
1381430995,GAL6317,NY,7/21/2015,98,VAN,FORD,20160730,35-38,102 ST,WH,0
1380994068,GVB7679,NY,6/29/2015,20,SDN,BMW,20170308,1767,BEDFORD AVE,BLACK,1998
1381447867,GME6891,NY,6/26/2015,98,SDN,ME/BE,20151219,33-20,111 ST,GY,2009
1381026138,GDB2530,NY,7/14/2015,16,SDN,TOYOT,20160415,650,62 ST,GY,2012
1381491716,GLU3724,NY,6/11/2015,46,SUBN,CHRYS,20151116,1393,FULTON ST,WHITE,2010
1381059612,GXM6116,NY,6/17/2015,46,SUBN,CHRYS,20160327,1371,CONEY ISLAND AV,RD,2008
1381514054,GUH1422,NY,6/20/2015,20,SUBN,JEEP,20150620,,,,0
1381553722,JRF2314,PA,7/7/2015,40,SDN,VOLKS,0,120,54TH ST,TAN,0
1382141695,GVW1252,NY,7/8/2015,46,SDN,ME/BE,20170331,37,LENOX AVE,WHT,2015
1381719168,T660268C,NY,6/14/2015,14,SDN,HYUND,20151130,581A,CORRELL AVE,WHT,2013
1382153715,J559325,NJ,6/14/2015,46,SUBN,HONDA,0,83,POST AVE,BL,0
1381825310,GRE1944,NY,7/13/2015,20,SUBN,TOYOT,20160618,,14 AVE,GY,2014
1382159596,GPS4925,NY,7/19/2015,40,P-U,TOYOT,20160520,312,W 81 ST,GRAY,2014
1381834700,GVR5063,NY,7/3/2015,74,SDN,DODGE,20170121,250,REMSEN AVE,GREY,2012
1382170713,GHV2292,NY,7/10/2015,98,SUBN,JEEP,20170620,43 15,193 ST,BLK,2014
1381846713,GPU45452,NY,6/20/2015,20,SDN,HONDA,20160518,1118,WINTHROP ST,RED,1995
1382205144,GKX7296,NY,6/23/2015,14,,HYUND,20151212,,N/S 40 AVE,RD,2013
1381863243,GKR9048,OH,6/28/2015,21,SDN,VOLKS,0,2820,BEVERLY RD,RED,2015
1382222269,GSU3527,NY,7/5/2015,40,SDN,ACURA,20160902,41-50,JUDGE ST,GRAY,2004
1382231696,GXC2649,NY,7/2/2015,20,SDN,HONDA,20170322,99-14,62 AVE,GY,0
1381890374,GGH8863,NJ,6/16/2015,21,DELV,FORD,0,,,,0
1382261743,GHV6999,NY,7/8/2015,14,SDN,MAZDA,20170109,154-22,BARCLAY AVE,GY,2012
1381909632,GLH9561,NY,7/2/2015,14,SDN,BUIC,20150930,4315,12 AVE,GY,2012
1382281766,GXX3430,NY,6/25/2015,46,SDN,NISSA,20170423,1846,HOLLAND AVE,BUR,2013
1381913088,GYB3381,NY,7/12/2015,67,SDN,HONDA,20170504,,DAHILL AVE,GRAY,2003
1382307020,GLG3560,NY,7/22/2015,40,SUBN,HONDA,20151001,2166,BRONX PARK EAST,WHITE,2004
1381939314,T660203C,NY,6/16/2015,67,SDN,TOYOT,20151031,627,RUGBY RD,BLACK,2014
1382323694,GHG4256,NY,7/8/2015,67,SDN,INFIN,20170619,,C/O WOOD AVE,GREY,2007
1381965854,K035088,TX,7/2/2015,19,DELV,HINO,0,,S/S CHURCH AV,WH,0
1382329490,GBV9840,NY,6/21/2015,40,SDN,ACURA,20160916,95,W 195 ST,GREY,2008
1381969756,XAHR59,NJ,7/6/2015,19,DELV,HINO,0,1214,AVE M,WT,2011
1381985075,GRM1503,NY,6/21/2015,19,SUBN,GMC,20160612,1073,FLATBUSH AVE,RD,2008
1382337267,GTS6234,NY,7/10/2015,67,SUBN,DODGE,20161019,836,FAILE ST,GRAY,0
1382009045,GGT5002,99,7/5/2015,19,SDN,CHEVR,20170518,1902,SURF,BLK,2010
1382347601,T602473C,NY,7/21/2015,19,SDN,TOYOT,20160228,2267,WEBSTER,GOLD,2012
1382013656,JVV8673,PA,7/2/2015,40,SDN,BMW,0,9224,FOSTER AVE,GREY,2012
1382356948,GTB3601,NY,7/7/2015,41,SUBN,CHRYS,20161116,1111,E 229 STREET,WH,2001
1382058652,GRM8089,NY,7/5/2015,40,SUBN,FORD,20160523,233,DYCKMAN STREET,GREY,2014
1382360617,GJY6276,NY,6/30/2015,40,SDN,,20150930,655,E 223,GRAY,0
1382073434,R63EKF,GA,7/5/2015,20,,NISSA,0,253,W 125 STREET,,0
1381639677,GUY2563,NY,6/27/2015,17,SUBN,NISSA,20161118,70,WEST 83RD STREET,GY,2012
1382109258,GWW6663,NY,6/18/2015,40,SDN,ME/BE,20170401,527,WEST 173 ST,GREY,2013
1382364404,GXX3634,NY,7/19/2015,65,SUBN,JEEP,20170428,1,ORCHARD BEACH RD,BLK,2004
1382386448,GZD3361,NY,7/21/2015,20,SDN,TOYOT,20170709,678,E 232 ST,GOLD,2007
1382842946,LZY42A,NJ,6/23/2015,21,SDN,NISSA,0,842,MACON STREET,GREY,0
1382390063,GCS2430,99,7/2/2015,40,SUBN,ME/BE,20170221,,,WT,0
1382398037,GXX3584,NY,7/20/2015,67,SDN,ME/BE,20151114,66,W TREMONT,BLACK,2002
1382570119,GST5740,NY,6/25/2015,21,SUBN,CHRYS,20160824,401,WEST 130TH STREET,RED,2008
1382405704,W58DPH,NJ,7/9/2015,20,SDN,BUICK,0,810,SUBURBAIN PL,TAN,0
1382576079,GYH5522,NY,7/10/2015,21,SDN,HONDA,20170520,1652,POWELL AVE,BLACK,2015
1382410750,GFM5913,NY,7/3/2015,71,SDN,HONDA,20170403,1465,ROWLAND ST,WHITE,2004
1382579792,HJD1274,PA,7/7/2015,21,SDN,VOLKS,0,60,E 120 ST,WHITE,0
1382416878,GUV7183,NY,7/19/2015,65,SDN,MITSU,20170201,ONE,ORCHARD BEACH RD,BAGE,2007
1382586413,GHF1831,99,7/8/2015,21,SUBN,DODGE,20150709,1464,ST NICHOLAS,GREY,2001
1382422611,GWU5871,NY,6/21/2015,46,SDN,CHEVR,20170304,478,GERARD AVE,GY,2011
1382589050,K69FGX,NJ,7/9/2015,21,SDN,NISSA,20170531,490,RIVERSIDE DRIVE,WHITE,0
1382599651,OXZ4766,NJ,6/26/2015,20,BUS,FORD,0,360,W 43 ST,WHITE,0
1382444060,GYS8312,NY,6/20/2015,19,SUBN,CHEVR,20170603,574,E 138 ST,BLUE,2009
1382618712,GXX3278,NY,6/20/2015,14,SDN,JEEP,20170419,324,W 43 ST,BK,0
1382455690,GTS4004,NY,6/20/2015,71,SUBN,,20160928,2550,PARK AVE,BURGU,2012
1382642325,H60FMF,NJ,6/28/2015,19,SDN,NISSA,20170630,300,W 43 RD,GREEN,0
1382463455,GPR2194,NY,6/28/2015,74,SDN,NISSA,20151117,1133,MORRISON AVE,WHITE,2010
1382650279,GZH7049,NY,6/9/2015,19,SUBN,GMC,20161117,461,FLUSHING AVE,BLACK,2015
1382470794,GHE1633,NY,7/21/2015,98,SUBN,ME/BE,20170613,1562,HOLLYWOOD AVE,WHITE,2007
1382666032,GYC5858,NY,6/15/2015,40,SDN,NISSA,20150712,1247,BERGEN ST,WHITE,2013
1382493368,P52339,IN,7/7/2015,66,TRLR,,0,2500,PARK AVE,GRY,0
1382684290,Y52FAU,NJ,6/18/2015,67,SUBN,FORD,20160228,,C/O UTICA AVE,BLUE,2007
1382512764,P831720,IL,7/4/2015,46,BUS,MCI,0,155,CANAL ST,GRAY,0
1382527639,GLH5393,NY,6/16/2015,62,SDN,FORD,20160121,,,,0
1382737828,JLF0003,PA,6/22/2015,40,SUBN,TOYOT,0,,ELDRIDGE ST,GY,0
1382550613,GVH7970,NY,6/30/2015,21,P-U,CHEVR,20170413,128,WEST 123 STREET,BLACK,2005
1382776070,S400CC,NJ,7/15/2015,21,SDN,SATUR,0,303,PARK AVE,SILVE,0
1382552865,GMB1474,NY,7/11/2015,21,SDN,NISSA,20160306,300,WEST 155 STREET,GOLD,0
1382820963,LNN26D,NJ,6/25/2015,14,SDN,AUDI,0,295,FLATBUSH AVE,BLACK,0
1382555052,GMU9821,NY,7/13/2015,21,SUBN,HONDA,20160119,179,EAST 3RD ST,BLACK,2014
1382826989,GAD2381,NY,7/13/2015,21,SDN,HONDA,20160704,221,LAFAYETTE AVE,GOLD,2010
1383165543,PF428C,FL,6/20/2015,46,SDN,CHEVR,0,2003,AMSTERDAM AVE,GY,0
1382851650,GDB1153,NY,7/13/2015,21,SDN,TOYOT,20161011,449,BAY RIDGE AV,BLACK,2003
1383175895,XM590D,NJ,6/15/2015,46,DELV,FRUEH,0,1486,LEXINGTON AVE,WH,0
1382860997,GKD8228,NY,6/30/2015,21,SDN,NISSA,20150829,5614,FLATLANDS AVE,BLACK,2013
1383197106,ZBE3813,PA,6/16/2015,14,DELV,CHEVR,0,211,W 53 ST,,0
1383219539,GXL8734,NY,7/3/2015,40,SDN,BMW,20150322,344,W 50 ST,BLK,2014
1382869484,GTJ4812,NY,7/2/2015,21,SDN,NISSA,20160710,1087,DEKALB AVE,WHITE,0
1383245861,X63CZZ,NJ,6/24/2015,38,VAN,FORD,0,1290,6TH AVENUE,BLK,0
1382872343,XN619P,NJ,7/7/2015,21,DELV,FORD,0,1317,FULTON ST,,0
1383267352,PRG82K,NJ,6/24/2015,21,SUBN,JEEP,0,49,STANTON ST,BLACK,0
1382896475,GEW1704,NY,6/17/2015,24,SUBN,FORD,20170221,,DOLPHIN CIRCLE,BLUE,2013
1383291147,PHN9479,OH,6/18/2015,14,VAN,ME/BE,0,708,7TH AVE,,0
1382901768,KTD13J,NJ,6/28/2015,63,SDN,HYUND,0,,FLUSHING MEADOW PARK,GRAY,0
1383305018,XP297J,NJ,7/16/2015,78,VAN,DODGE,0,,S/S MURRAY ST,WHITE,0
1382942333,GRA5519,NY,6/12/2015,46,SUBN,FORD,20170601,86,COURT ST,BK,2006
1383331303,T668742C,NY,6/19/2015,17,SUBN,CHEVR,20160131,80-26,BAXTER AVE,BLACK,2015
1382947148,T664197C,NY,7/3/2015,14,VAN,,20160228,100,JAY ST,GRE,2013
1382961492,GHV3163,NY,6/11/2015,21,SDN,FORD,20150628,,,,0
1383878882,T614543C,NY,6/24/2015,21,TAXI,FORD,20151031,54-39,101 ST,GREEN,2009
1382970869,GPP2751,NY,6/26/2015,46,SUBN,PORSC,20160519,114,WASHINGTON AVE,BK,2011
1383892570,GTC3057,NY,7/14/2015,21,SDN,VOLKS,20161005,61-50,CENTRAL AVENUE,GRAY,2002
1383027742,GGS6370,NY,7/9/2015,21,VAN,CHEVR,20170605,1762,78 ST,WHITE,2002
1383901223,P41EPH,NJ,6/20/2015,21,SUBN,CHRYS,0,64-11,QUEENS BLVD,BLACK,0
1383068884,PFS44H,FL,6/20/2015,46,SDN,SAAB,0,1585,ST NICHOLAS,SILVE,0
1383918909,T660072C,NY,6/26/2015,21,SDN,TOYOT,20150930,54-11,101 ST,GREEN,2007
1383078932,J548534,99,7/3/2015,19,SDN,TOYOT,20150801,105,E 116 ST,BL,0
1383920760,GJG9706,NY,7/9/2015,21,SUBN,HONDA,20160208,9059,56 AVE,GRAY,2008
1383087210,GCF4524,NY,7/4/2015,40,SDN,HONDA,20160905,552,WEST 160 STREET,GRAY,2012
1383922949,T660058C,NY,7/20/2015,21,SUBN,DODGE,20150920,40-24,JUNCTION BLVD,GRAY,2014
1383099704,GRE1935,NY,6/18/2015,40,SDN,LEXUS,20160615,,,,0
1383122519,GBX9318,NY,7/1/2015,9,SUBN,HYUND,20170121,466,W 151 ST,BLUE,2005
1383940630,GTC2357,NY,6/24/2015,21,SDN,NISSA,20160817,96-16,JAMAICA AVE,GRAY,2009
1383127955,WKM16N,NJ,6/13/2015,19,SUBN,CHEVR,20160131,470,W 145 ST,GY,0
1382849813,GYG6622,NY,7/9/2015,21,SUBN,NISSA,20170512,1431,HERKIMER ST,BLACK,2012
1383141502,W91CPG,NJ,6/26/2015,20,SDN,VOLKS,0,272,W 77 ST,BLK,0
1383972448,P857159,IL,7/19/2015,78,TRUC,VOLVO,0,63-60,GRAND CENTRAL PKWY,WHITE,0
1384408423,GUP4017,NY,6/23/2015,98,SDN,CHEVR,20150930,47,76 ST,GY,2015
1383978293,T639500C,NY,7/18/2015,67,SDN,TOYOT,20150731,41 10,29 ST,GRAY,2009
1383983290,T667142C,NY,7/2/2015,14,SDN,CADIL,20151231,22-45,95 ST,BK,2010
1384222091,GTW9583,NY,6/13/2015,40,SDN,JEEP,20160918,315,E 102 ST,WH,2015
1383985145,GMR2964,NY,7/15/2015,19,SUBN,CHEVR,20160430,98 02,ASTORIA BLVD,WH,2010
1384228949,GTT7656,NY,6/12/2015,46,SUBN,GMC,20161111,1462,ST NICHOLAS AVE,RED,2002
1384233076,Y92EZH,NJ,6/23/2015,46,SDN,CHEVR,0,70,W 175 ST,WH,0
1384012503,GMU2549,NY,6/26/2015,19,SUBN,,0,66 35,FORST AVE,GY,0
1384252228,JRX2973,PA,6/24/2015,46,SDN,CHEVR,0,100,W 139 ST,GRAY,0
1384020032,K79301,CT,7/13/2015,78,DELV,CHEVR,0,201-23,42 AVE,WH,0
1384259030,T521617C,NY,7/9/2015,46,SDN,LINCO,20160430,527,LENOX AVE,BLACK,0
1384030499,GAM4193,NY,6/29/2015,98,SDN,VOLKS,20160719,33-32,109 ST,GRAY,2003
1384267876,T639032C,NY,7/3/2015,50,SUBN,TOYOT,20150831,1,W 131 ST,GR,2013
1384055228,T647509C,NY,6/17/2015,46,SUBN,CHEVR,20160228,,,,0
1384273207,TKG13N,NJ,6/10/2015,19,TRAI,,0,2142,8TH AVE,WHITE,0
1384062841,HIBISCUS,NY,6/29/2015,46,DELV,DODGE,20160731,875,6 AVE,GR,2006
1384281721,GZZ9206,NY,7/1/2015,70,SUBN,JEEP,0,93,BENNETT AVE,GY,0
1384071982,XX243C,NJ,7/9/2015,14,VAN,FRUEH,0,499,PARK AVE,YELL,0
1384149030,GMV0858,NY,6/17/2015,40,SUBN,HONDA,20170313,587,ST JOHNS PL,RED,2013
1384315494,XAMF63,NJ,6/23/2015,45,VAN,CHEVR,0,225,CENTRAL PARK WEST,WH,0
1384155351,GFC7122,NY,6/15/2015,46,SDN,TOYOT,20150612,454,QUINCY STREET,WHITE,1999
1384327710,GBC1106,NY,7/3/2015,46,SUBN,HONDA,20160713,1726,E 35 ST,WHITE,2012
1384164005,P34FGV,NJ,6/8/2015,21,II,VOLKS,0,163,REMSEN ST,GRAY,0
1384349807,GSY1635,NY,6/29/2015,74,SDN,AUDI,20160916,3613,AVE D,TAN,2015
1384171125,N58FFD,NJ,6/27/2015,46,SUBN,MERCU,0,1506,STERLING PL,GREY,0
1384353859,JWA0309,PA,7/3/2015,40,SDN,MERCU,20160430,999,A RUTLAND RD,WH,0
1384180138,GCH2148,NY,6/12/2015,19,SUBN,SUZUK,20170101,409,BROADWAY,GY,2002
1384357695,GMU3178,NY,6/28/2015,71,SDN,LEXUS,20160501,499,E 29 ST,TAN,0
1384183589,ZHB59G,NJ,7/9/2015,21,SUBN,HONDA,0,286,STUTVESANT AVE,GN,0
1384192610,T653066C,NY,6/21/2015,40,SUBN,TOYOT,20160531,1396,PROSPECT PL,GREEN,2014
1384515720,JFV9493,PA,6/16/2015,20,SDN,,0,,,,0
1384218129,GVJ3411,NY,7/2/2015,46,SUBN,MAZDA,20170208,200,W 140 STREET,SILVR,2009
1384373391,VCJ3941,VA,7/10/2015,67,SDN,GMC,0,,C/O AVE Z,WH,0
1384590894,GXA5138,NY,7/13/2015,21,VAN,CHRYS,20170128,20,E 170TH STREET,GOLD,2003
1384461917,GXF9842,NY,6/19/2015,46,FOUR,INFIN,20170520,818,UTICA AVE,GRAY,2012
1384593755,T673714C,NY,6/29/2015,21,SDN,TOYOT,20160331,241,MT EDEN PARKWAY,BLACK,2013
1384464104,GVD4559,NY,7/5/2015,46,SDN,MERCU,20170216,1416,NEW YORK AVE,SILVE,2001
1384595417,GWC3368,NY,7/1/2015,21,SUBN,HONDA,20161230,239,E TRAMONT AVE,BLACK,2007
1384466344,GVA4247,NY,6/25/2015,46,SUBN,NISSA,20170107,5109,CHURCH AVE,BLK,2011
1384598789,TNP62K,99,7/1/2015,66,DELV,BAST,0,310,WHITTIER ST .,GREY,0
1384473968,GVC6980,NY,7/9/2015,21,SUBN,JEEP,20161228,888,E 96 ST,WHT,0
1384603580,GSM3519,NY,7/9/2015,21,SDN,NISSA,20160919,177,DREISER LOOP,BLACK,2014
1384624533,VZL3235,NC,6/22/2015,21,H,FORD,0,2934,RADCLIFF AVE,RED,0
1384511581,GBL2090,NY,6/17/2015,50,SUBN,,20160820,,N/E C/O W 7 ST,GREY,2012
1384628034,GZH1079,NY,6/26/2015,21,SUBN,NISSA,20170207,675,MORRIS PARK AVE,WHITE,2003
1384518447,P79CYZ,NJ,6/25/2015,40,SUBN,CHEVR,0,1404,CORTELYOU RD,BLACK,2001
1384630569,GUW4752,NY,6/27/2015,21,SUBN,JEEP,20170104,674,ALLERTON AVENUE,BROWN,2002
1384523996,GLS7663,NY,6/22/2015,46,VAN,CHEVR,20160123,47,71 STREET,MAROO,2004
1384632578,GTC4261,NY,7/7/2015,21,,DODGE,20170217,959,RHINELANDER AVE,SILVE,2003
1384526857,GNN5696,NY,6/27/2015,46,SDN,MAZDA,20160324,761,65 ST,GY,2004
1384634654,GTH1188,NY,7/6/2015,21,SDN,HONDA,20161116,1142,ROSEDALE AVE,GREY,1999
1384535561,JSX4587,PA,6/29/2015,46,SDN,BMW,0,854,E.NY AVE,GREY,0
1384637217,GZJ4324,NY,6/19/2015,21,SDN,NISSA,20150723,1254,BEACH AVE,WHITE,2015
1384538811,GWM2355,NY,6/28/2015,40,SUBN,HONDA,20170323,454,WINTHROP ST,GY,2001
1384650064,GXE5911,NY,7/21/2015,21,SUBN,HONDA,20150725,4384,WHITE PLAINS ROAD,GREY,2012
1384673568,Z84EVE,NJ,7/13/2015,21,SUBN,,20161031,2060,WHITE PLAINS RD,BLUE,0
1384559474,JVF0984,PA,7/3/2015,46,SDN,VOLKS,0,1014,BANNER ST,WH,0
1384679224,GBK8710,NY,7/7/2015,21,SDN,CHEVR,20160728,2257,BASSFORD AVE,BLACK,2010
1384562898,GJP8563,NY,7/15/2015,46,SDN,MITSU,20151003,1976,EAST 8 ST,GRAY,2001
1384692680,GNJ4871,NY,7/1/2015,21,SUBN,NISSA,20160216,170,WEST 231ST STREET,GRAY,2011
1384570810,GGC6084,NY,7/14/2015,50,SUBN,BUICK,20150711,,C/O TROY AVE,BLK,2013
1384720443,GUJ8989,NY,6/26/2015,14,SDN,TOYOT,20161016,435,26TH ST,SILVE,2013
1384573136,GEF8775,99,7/8/2015,98,SUBN,BMW,20170423,601,ALBANY AV,GY,2004
1384736499,GBD2926,NY,7/15/2015,21,SDN,FORD,20161006,308,MCDONALD AVE,GREY,2005
1384581285,GRS8976,NY,6/20/2015,21,SDN,FORD,20150930,4077,WHITE PLAINS ROAD,WHITE,2015
1384421488,GUV1006,NY,6/28/2015,40,SUBN,MITSU,20161230,,S/B 46TH ST,BLACK,2005
1384583671,VEA2633,VA,6/25/2015,21,SDN,TOYOT,0,919,EAST 225 ST,GREY,0
1384737807,JOE4NYC,NY,6/25/2015,21,SDN,HYUND,20150821,4011,SEA GATE AVE,GRAY,2012
1385079678,GKV4637,NY,7/2/2015,14,SDN,ACURA,20151105,90-27,PARSONS BLVD,WHT,2009
1385089830,GXC1149,NY,6/21/2015,40,SDN,LEXUS,20150521,,I/O 129 ST,BL,2001
1384749410,GVK5194,NY,6/30/2015,21,SDN,HONDA,20170125,2124,AVE P,BLUE,2012
1384752330,GRD7917,NY,6/26/2015,21,SUBN,HONDA,20160602,2819,AVE U,PURPL,2014
1384872115,GSN8380,NY,6/20/2015,21,SUBN,CHEVR,20161012,,,,0
1384758902,IVG708,SC,7/22/2015,21,SDN,NISSA,0,816,62ND STREET,SILVE,0
1384877940,GYM4085,NY,6/20/2015,40,SUBN,TOYOT,20160930,119,FT GREENE PL,GY,2015
1384763650,GPT2030,NY,6/25/2015,21,SDN,LEXUS,20160511,563,48 ST,GREEN,2001
1384886205,GYG3183,NY,6/21/2015,19,SDN,BMW,20170326,1457,FULTON ST,GY,1997
1384775687,GSL9715,NY,6/23/2015,21,SUBN,NISSA,20160811,477,SARATOGA AVE,GREY,2008
1384890890,GHR1266,NY,6/23/2015,51,SDN,MITSU,20150711,143,FROST ST,BLACK,2003
1384778457,GPN3189,PA,7/7/2015,21,SDN,NISSA,0,1341,E 80 ST,TAN,0
1384786200,W63FHB,NJ,6/26/2015,21,SDN,CHRYS,0,8720,FOSTER AVE,WHITE,0
1384899881,GJZ4310,NY,7/2/2015,14,SUBN,NISSA,20160220,541,NOSTRAND AVE,BL,2002
1384788657,GAK3249,NY,7/2/2015,21,SDN,NISSA,20161004,481,WYTHE VAE,BURGU,0
1384911870,GWY8198,NY,7/12/2015,74,SDN,JAGUA,20170402,1280,PUTNAM AVE,WH,2002
1384800025,GML3416,NY,7/13/2015,21,SDN,NISSA,20160216,1451,54 ST,BLACK,2014
1384925399,JAE213,SC,6/16/2015,46,SDN,NISSA,0,752,VERMONT ST,RED,0
1384801844,GAM5095,NY,7/9/2015,21,SDN,HONDA,20160819,1355,52 ST,BLACK,2012
1384929058,GHN4078,NY,6/22/2015,19,SUBN,MERCU,20150718,,E/S LINCOLN AVE,BLACK,2002
1384804845,GUX2518,NY,6/22/2015,21,SDN,NISSA,20150704,4901,5TH AVE,BLACK,2007
1384939350,GTA3028,NY,6/17/2015,80,VAN,CHEVR,20160813,,,,0
1384806672,GWM3088,NY,6/25/2015,21,SDN,TOYOT,20160219,75,REEVE PL,WHITE,2008
1384808450,GUM8118,NY,6/26/2015,21,SDN,SMART,20161231,437,18 ST,WH,2015
1384947668,GYV4488,NY,7/3/2015,46,SUBN,NISSA,20170518,1441,ST JOHNS PLACE,RED,2010
1384812726,GGF9740,NY,6/24/2015,21,SDN,HONDA,20151026,272,45 ST,SILVR,2003
1384951465,GDU5323,NY,7/9/2015,71,SDN,NISSA,20161122,226,B 88 ST,WH,2014
1384840000,GAR7823,NY,6/19/2015,21,SUBN,CHEVR,20161115,5110,8TH AVE,GOLD,2005
1384955264,GHS7437,NY,7/13/2015,19,VAN,FORD,20150828,,C/O 230 PLACE,WHITE,2012
1384844405,GHG7966,NY,6/23/2015,21,SUBN,JEEP,20170610,,,,0
1384984641,GVX8288,NY,7/6/2015,14,SUBN,INFIN,20170505,453,BEACH 40 ST,GY,2013
1384846402,GWR2555,NY,6/26/2015,21,SUBN,FORD,20170228,8514,18TH AVE,BLACK,2001
1385010368,GXD6077,NY,7/13/2015,19,SUBN,TOYOT,20170326,161-15,ROCKAWAY BLVD,BK,2015
1385294541,IXJ547,SC,6/26/2015,21,,SATUR,0,170,HAWTHORNE ST,GREEN,0
1385102007,GYB3045,NY,7/7/2015,51,SDN,BENTL,20170518,867,ELSEMERE PL,BLUE,2007
1385296495,HVR9087,PA,6/29/2015,21,SDN,ME/BE,0,276,E 45TH STREET,BLACK,0
1385298297,GNE2441,NY,7/14/2015,21,SDN,AUDI,20161201,739,E 52ND ST,GREY,2005
1385126711,V87771,CT,7/9/2015,45,DELV,VOLVO,0,250,CYPRESS AVE,RED,0
1385300115,S400CC,NJ,7/1/2015,21,SDN,SATUR,0,303,PARK AVE,GREY,0
1385139882,GBP1397,NY,7/15/2015,14,SDN,NISSA,20150930,,N/W C/O WASHIINGTON,BLACK,2013
1385302574,S400CC,NJ,7/20/2015,21,SDN,SATUR,0,303,PARK AVE,GREY,0
1385149449,T11EYS,NJ,7/15/2015,50,SDN,BMW,0,2661,3RD,BLU,0
1385310121,GYB1538,NY,7/14/2015,21,SUBN,JEEP,20170408,275,LIVONIA AVE,WHITE,2015
1385157094,T679209C,NY,7/15/2015,14,SDN,HYUND,20160531,3,SOUNDVIEW AVE,BLACK,2015
1385312051,GVC1810,NY,7/7/2015,21,SUBN,JEEP,20170106,334,BLAKE AVE,SILVE,2008
1385165819,GFC2260,NY,7/6/2015,50,SUBN,FORD,20170410,1957,WESTCHESTER AVE,RED,2001
1385316019,GGH6872,NY,7/7/2015,21,SDN,HONDA,20170505,332,KINGSTON AVE,GREY,2003
1385199726,XAAW12,NJ,7/8/2015,46,VAN,DODGE,20150820,1531,WATSON AVE,WHITE,0
1385318429,GUV1697,NY,7/14/2015,21,SUBN,TOYOT,20170107,665,NEW YORK AVE,GOLD,2005
1385209252,GXE8152,NY,7/19/2015,70,SDN,ACURA,20150618,1350,MANOR AVE,GRAY,0
1385246868,JPC6690,PA,7/13/2015,50,SDN,CHEVR,20150630,,WILSON AVE,GRY,0
1385324636,GTT7977,NY,7/21/2015,21,SDN,HYUND,20161116,,E/S IRVING AVE,WHITE,2011
1385250320,GFG6985,NY,7/23/2015,14,SDN,HONDA,20160715,,W/E 164 ST,WHITE,2010
1385375644,R454585,NJ,7/6/2015,21,SUBN,HONDA,0,230,EVERGREEN AVE,BLACK,0
1385257398,GZE7172,NY,7/9/2015,20,SUBN,TOYOT,20160824,,C/O E.164 ST,BLU,2008
1385377586,GTC3084,NY,7/6/2015,21,SUBN,NISSA,20150721,71,IRVING AVE,BLACK,2005
1385280098,GTJ3900,NY,7/6/2015,21,SDN,CHEVR,20161026,579,ATKINS AVE,RED,0
1385379273,Y305EY,NY,6/30/2015,21,SUBN,HONDA,20161213,175,TROUTMAN,GREY,2003
1385282848,GXV4783,NY,7/10/2015,21,SDN,NISSA,20170504,604,NEW LOTS AVE,GREY,1998
1385387397,GKM8197,NY,7/9/2015,21,SDN,VOLKS,20151031,801,WEST END AVE,WHITE,2013
1385284560,GUK2999,NY,6/29/2015,21,SUBN,DODGE,20161017,175,HIGHLAND BLVD,BLACK,2014
1385404243,GHJ7645,NY,6/26/2015,67,VAN,NISSA,20150930,545,W 126 ST,GREY,1997
1385286945,GRF3751,NY,6/19/2015,21,SUBN,CHRYS,20160708,136,RUTLEDGE ST,SILVR,2014
1385289569,GMW1791,NY,7/16/2015,21,SUBN,JEEP,20160309,897,GREENE AVENUE,BLACK,2015
1385427905,GEG1891,NY,7/8/2015,20,SUBN,FORD,20170131,225,E 99 ST,BLACK,2013
1385291631,JSY999Z,NJ,6/26/2015,20,SDN,LINCO,0,585,SCHNECTADY AVE,GREY,0
1385100473,GSA2392,NY,7/8/2015,40,SDN,VOLKS,20161001,789,E 183 ST,RED,2007
1385293676,GAH3659,NY,7/9/2015,21,SDN,TOYOT,20160702,729,CROWN STREET,SILVE,2005
1385436311,Y32DXR,NJ,7/9/2015,20,SUBN,ACURA,0,164,E 68 ST,WHITE,0
1385806230,VKJ2654,VA,7/9/2015,21,SUBN,JEEP,0,301,CHURCH AVE,TAN,0
1385442839,GRZ6894,NY,6/26/2015,46,SDN,NISSA,20160812,4309,BROADWAY AVE,BLUE,2005
1385450745,GRF2459,NY,7/4/2015,14,SDN,NISSA,20160722,500,E 117 ST,TAN,1997
1385729168,GLH3015,NY,6/22/2015,21,SUBN,ACURA,20151115,6750,5TH AVE,BLACK,2008
1385456437,J589545,NJ,7/6/2015,40,SDN,BMW,20150710,565,W 148 ST,BLUE,0
1385730766,GXG2887,NY,6/30/2015,21,SDN,LEXUS,20170323,560,67TH STREET,BLUE,2008
1385468208,GXH1340,NY,7/5/2015,20,SDN,TOYOT,20170413,,10  AVE,,2004
1385742823,T619513C,NY,7/6/2015,21,SUBN,HYUND,20151231,218,72ND ST,GRAY,2007
1385745162,GPP7502,NY,7/6/2015,21,SDN,ME/BE,20160725,6738,5TH AVE,WHITE,2012
1385484690,GPV9890,NY,7/8/2015,50,SUBN,JEEP,20160421,144-176,EAST 128 ST,GRY,2007
1385754874,GZK6339,NY,7/16/2015,21,SUBN,TOYOT,20170612,1559,79 ST,SILVE,2015
1385490524,GWH8136,NY,7/9/2015,19,SUBN,DODGE,20170217,2103,8TH AVE,GY,2006
1385763371,T674194C,NY,7/15/2015,21,SDN,FORD,20160531,185,23 ST,GOLD,2014
1385545331,ZYU3969,CT,6/28/2015,38,SDN,VOLVO,0,118,W 40 ST,BL,0
1385767078,GNE4551,NY,6/29/2015,21,SDN,TOYOT,20160305,442,COURT ST,GREY,2012
1385561221,YART024,OR,6/23/2015,14,VAN,MERCU,0,2,W 44 ST,WHITE,0
1385769180,GJZ3926,NY,7/7/2015,21,VAN,VOLKS,20170417,604,HENRY ST,ORANG,1973
1385581700,T21CTB,NJ,6/25/2015,51,SDN,HONDA,0,14-Aug,37 AVE,RED,0
1385771306,H33FCN,NJ,7/15/2015,21,P-U,FORD,0,318,17 ST,RED,0
1385778453,GLP3737,NY,7/20/2015,21,SDN,TOYOT,20151116,795,FLATBUSH AVE,GRAY,2009
1385609680,GTB1162,NY,7/23/2015,74,SUBN,ACURA,20150802,150-62,BOOPTH MEMORIAL AVE,BLK,2014
1385786930,H86CSH,NJ,6/20/2015,21,VAN,FORD,0,240,7TH AVE,WHITE,0
1385616982,GCH2716,NY,7/2/2015,98,SUBN,HONDA,20170107,37-25,45 ST,BL,2005
1385789141,JSK3191,PA,7/2/2015,21,SDN,BMW,0,550,5TH AVE,BLK,0
1385648600,GJZ9554,NY,7/10/2015,21,SDN,BMW,20150828,134-22,35 AVE,WH,2013
1385791111,T654417C,NY,6/25/2015,21,TAXI,HYUND,20150831,1601,78TH ST,BLACK,2014
1385678835,GZL5596,NY,7/16/2015,51,SDN,HONDA,20150803,48-19,25 AVE,BLK,2012
1385798221,GNH2228,NY,7/11/2015,21,SDN,NISSA,20160306,7721,18TH AVE,GREEN,2002
1385711188,GXG3521,NY,7/21/2015,21,SUBN,FORD,20150911,229,E 52 ST,RED,1996
1385801037,GTJ4687,NY,7/14/2015,21,SDN,FORD,20161111,1589,88 ST,BLUE,1999
1385725930,GAJ2618,NY,7/22/2015,21,SDN,LEXUS,20150904,2226,85 ST,BLUE,2015
1385802947,PJG1774,GA,7/20/2015,21,SDN,DODGE,0,4721,NEW UTRECHT AVE,WHITE,0
4004700115,T654612C,NY,6/15/2015,5,4DSD,TOYOT,0,,NB 1ST AVE @ ST MARK,GY,2014
4004702069,GXG3502,NY,6/16/2015,5,4DSD,CHRYS,0,,SB NOSTRAND AVE @ LI,BL,2005
1385837640,GFC6375,NY,6/23/2015,46,SDN,ME/BE,20170228,705,PROSPECT PL,BR,1995
4004703827,GJM7853,NY,6/16/2015,5,4DSD,HONDA,0,,SB NOSTRAND AVE @ SU,GY,2014
1385840110,GUH3273,NY,6/29/2015,46,SDN,NISSA,20161109,1228,ST JOHNS PLC,BK,2014
4004705381,GWM1965,NY,6/17/2015,5,4DSD,NISSA,0,,NB ROGERS AVE @ EAST,BK,2012
1385842246,G443081,NY,6/29/2015,46,SDN,DODGE,20170524,605,,WHITE,2011
4004707092,N201697C,NY,6/17/2015,5,4DSD,LINCO,0,,NB 1ST AVE @ E 57TH,BK,2011
1385844668,L87CWX,NJ,7/1/2015,67,N,VOLKS,0,,W/O JAMAICA AVE,BLK,0
4004708904,GCF2695,NY,6/17/2015,5,SUBN,JEEP,0,,SB 2ND AVE @ E 57TH,BK,2013
4004710534,T651016C,NY,6/18/2015,5,SUBN,TOYOT,0,,NB ROGERS AVE @ EAST,GL,2005
1385887059,T78CWJ,NJ,6/27/2015,40,SDN,HONDA,0,2,WASHINGTON ST,BL,0
4004712403,GJT2584,NY,6/18/2015,5,SUBN,TOYOT,0,,SB 2ND AVE @ E 61ST,SL,2011
1385991781,GPT6920,NY,7/9/2015,21,SUBN,HYUND,20160806,565,W 215 ST,WHITE,2002
4004714102,GVT7557,NY,6/18/2015,5,4DSD,NISSA,0,,WB 207TH ST @ VERMIL,BK,2012
1386137534,GTE6187,NY,7/13/2015,19,SUBN,ACURA,20160827,477,NEW YORK AVE,GRY,2015
4004715799,GTL1915,NY,6/19/2015,5,4DSD,NISSA,0,,NB ROGERS AVE @ MONT,MR,2009
1386146754,GNN5666,NY,7/11/2015,70,SUBN,MITSU,20150628,664,MAPPLE ST,BLK,2015
4004717620,T651098C,NY,6/19/2015,5,SUBN,TOYOT,0,,NB 1ST AVE @ E 72ND,BK,2013
4004719343,GCG1943,NY,6/19/2015,5,4DSD,NISSA,0,,SB NOSTRAND AVE @ LI,WH,2003
1386216630,GDP2049,NY,7/10/2015,27,SDN,ME/BE,20160824,2326,NOSTRAND AVE,BLK,2011
4004721015,T518569C,NY,6/22/2015,5,SUBN,CHEVR,0,,SB 2ND AVE @ E 61ST,BK,2008
1386257308,GVM8600,NY,7/3/2015,46,SDN,NISSA,20170127,235,E 94TH ST,GRAY,2015
4004722860,GSU9074,NY,6/22/2015,5,PICK,FORD,0,,SB NOSTRAND AVE @ LI,GY,2014
1386262201,GKD4213,NY,7/10/2015,50,SDN,BMW,20150827,1093,WINTHROP STREET,BLK,2006
4004724661,GMV8602,NY,6/22/2015,5,4DSD,NISSA,0,,SB NOSTRAND AVE @ SU,GY,2010
1386265500,GTM3808,NY,7/1/2015,14,P-U,TOYOT,20160929,1449,NOSTRAND AVE,SILVR,2011
4004726359,GAR3701,NY,6/23/2015,5,SUBN,LINCO,0,,NB ROGERS AVE @ MONT,RD,2004
4004728307,GVK6389,NY,6/23/2015,5,4DSD,AUDI,0,,SB NOSTRAND AVE @ AV,LTGY,2004
1386429442,GEK4040,NY,7/13/2015,71,SDN,CHEVR,20161226,1640,STERLING AVE,GR,2015
4004729853,GRA4278,NY,6/23/2015,5,4DSD,NISSA,0,,NB ROGERS AVE @ LIND,BK,2002
1386482020,GWM2191,NY,7/13/2015,46,SUBN,FORD,20170318,565,WILSON AVE,GY,2002
4004731628,GWA8637,NY,6/24/2015,5,SUBN,CHEVR,0,,SB NOSTRAND AVE @ EA,GR,2011
4004697013,GJS5536,NY,6/15/2015,5,4DSD,HONDA,0,,SB NOSTRAND AVE @ TI,BR,2013
1385808214,GJC4774,NY,7/14/2015,21,SUBN,FORD,20150813,530,8TH ST,RED,2003
4004698789,GGU5536,NY,6/15/2015,5,SUBN,HONDA,0,,SB NOSTRAND AVE @ LI,GY,2008
4004733042,Z93CET,NJ,6/24/2015,5,4 DR,HYUND,0,,SB HYLAN BLVD @ JEFF,BK,2013
4004734848,GPC3280,NY,6/25/2015,5,4DSD,BMW,0,,EB E FORDHAM RD @ GR,BK,2007
4004796763,GSN3798,NY,7/13/2015,5,4DSD,CHRYS,0,,SB NOSTRAND AVE @ EA,WH,2007
4004736237,GGC4718,NY,6/25/2015,5,SUBN,HONDA,0,,SB NOSTRAND AVE @ EA,RD,2011
4004738349,T665681C,NY,6/25/2015,5,4DSD,TOYOT,0,,NB 1ST AVE @ E 106TH,BK,2015
4004767106,GVW4435,NY,7/3/2015,5,4DSD,NISSA,0,,SB NOSTRAND AVE @ EA,GL,2013
4004739883,GYK5126,NY,6/26/2015,5,4DSD,SUBAR,0,,SB NOSTRAND AVE @ TI,BL,2004
4004768627,T655942C,NY,7/3/2015,5,SUBN,DODGE,0,,SB NOSTRAND AVE @ LI,GY,2014
4004741567,GWK5370,NY,6/26/2015,5,4DSD,NISSA,0,,SB NOSTRAND AVE @ EA,GY,2002
4004743266,K85EUP,NJ,6/26/2015,5,WAGO,TOYOT,0,,SB NOSTRAND AVE @ LI,GREEN,0
4004771985,GYS9832,NY,7/3/2015,5,2DSD,HYUND,0,,SB NOSTRAND AVE @ LI,RD,2007
4004744921,T649278C,NY,6/26/2015,5,4DSD,TOYOT,0,,NB ROGERS AVE @ EAST,BK,2011
4004773568,GTB6673,NY,7/6/2015,5,4DSD,SAAB,0,,NB ROGERS AVE @ LIND,BK,0
4004746425,T669153C,NY,6/29/2015,5,4DSD,LINCO,0,,SB NOSTRAND AVE @ SU,BL,2007
4004775360,GXN2322,NY,7/6/2015,5,SUBN,TOYOT,0,,SB NOSTRAND AVE @ EA,GY,2015
4004747880,GSP8162,NY,6/29/2015,5,SUBN,SUBAR,0,,SB NOSTRAND AVE @ EA,WH,2015
4004749931,GDE2318,NY,6/29/2015,5,SUBN,MERCU,0,,SB HYLAN BLVD @ JEFF,BL,0
4004778293,T655532C,NY,7/7/2015,5,4DSD,BMW,0,,SB NOSTRAND AVE @ EA,BK,2011
4004751676,YH9A4M,MO,6/30/2015,5,FODO,CHEVR,0,,SB NOSTRAND AVE @ EA,,2014
4004779868,GMU3428,NY,7/7/2015,5,SUBN,JEEP,0,,SB NOSTRAND AVE @ LI,TN,2006
4004753480,GYJ5100,NY,6/30/2015,5,SUBN,FORD,0,,SB 2ND AVE @ E 61ST,WH,2015
4004781322,T674061C,NY,7/7/2015,5,SUBN,TOYOT,0,,SB NOSTRAND AVE @ TI,BK,2013
4004754872,GXP6695,NY,6/30/2015,5,2DSD,ACURA,0,,WB 207TH ST @ VERMIL,WH,1993
4004782855,GMR1578,NY,7/8/2015,5,SUBN,FORD,0,,EB FORDHAM RD @ ANDR,WH,2008
4004784554,GMACINC,NY,7/8/2015,5,SUBN,ME/BE,0,,NB ROGERS AVE @ EAST,WH,2011
4004758014,T616550C,NY,7/1/2015,5,4DSD,LINCO,0,,NB 1ST AVE @ ST MARK,BK,2006
4004785959,GWT1632,NY,7/8/2015,5,SUBN,NISSA,0,,SB NOSTRAND AVE @ LI,BK,2011
4004759316,GJU1250,NY,7/1/2015,5,4DSD,ACURA,0,,WB FORDHAM RD @ SEDG,WH,2015
4004787373,U117UH,NY,7/9/2015,5,4DSD,ME/BE,0,,NB 1ST AVE @ ST MARK,GY,1998
4004760938,GTS3729,NY,7/2/2015,5,2DSD,SMART,0,,SB NOSTRAND AVE @ LI,GY,2015
4004789138,GEE3082,NY,7/9/2015,5,4DSD,INFIN,0,,EB 207TH ST @ POST A,BK,2007
4004790890,GTS3766,NY,7/9/2015,5,2DSD,SMART,0,,NB ROGERS AVE @ LIND,GY,2015
4004764245,JKB9775,PA,7/3/2015,5,SW,FORD,0,,NB ROGERS AVE @ MONT,,1998
4004792502,GRS8617,NY,7/10/2015,5,4DSD,KIA,0,,NB 1ST AVE @ E 106TH,BR,2015
4004765584,GMX7859,NY,7/3/2015,5,4DSD,HONDA,0,,SB NOSTRAND AVE @ EA,BL,2014
4004794055,GFS9256,NY,7/10/2015,5,SUBN,TOYOT,0,,SB NOSTRAND AVE @ LI,GY,2013
4608330822,GPE6188,NY,6/22/2015,36,4DSD,HONDA,0,,SB GRAND CONCOURSE.,RD,2005
4004799533,GVA9995,NY,7/13/2015,5,4DSD,LEXUS,0,,NB 1ST AVE @ ST MARK,GY,2007
4608332430,GGW6725,NY,6/19/2015,36,PICK,FORD,0,,SB KNAPP ST @ AVE V,GLBK,2001
4004801278,GFS9243,NY,7/14/2015,5,SUBN,LINCO,0,,NB HYLAN BLVD @ HUNT,BK,2011
4004803378,GEP1690,NY,7/14/2015,5,SUBN,HONDA,0,,SB NOSTRAND AVE @ TI,BK,2013
4608335716,GWK2468,NY,6/19/2015,36,SUBN,NISSA,0,,SB WOODHAVEN BLVD @,WH,2005
4004805107,GYV2670,NY,7/14/2015,5,4DSD,MITSU,0,,SB NOSTRAND AVE @ AV,WH,2015
4608337361,GXG3416,NY,6/22/2015,36,4DSD,CHEVR,0,,EB BEACH CHANNEL DR,WH,2009
4004806562,GSL9274,NY,7/15/2015,5,4DSD,NISSA,0,,NB ROGERS AVE @ LIND,RD,2012
4608339126,GXL5732,NY,6/22/2015,36,SUBN,HONDA,0,,EB ATLANTIC AVE @ NE,TN,2003
4004808133,GYK2356,NY,7/15/2015,5,SUBN,NISSA,0,,SB NOSTRAND AVE @ SU,RD,2008
4608340992,T665259C,NY,6/22/2015,36,4DSD,NISSA,0,,NB GRAND CONCOURSE @,BK,2012
4608342915,GGT2028,NY,6/22/2015,36,SUBN,LINCO,0,,SB KINGS HWY @ TILDE,BK,2015
4004811417,GXL8146,NY,7/16/2015,5,4DSD,HONDA,0,,SB NOSTRAND AVE @ EA,BL,2007
4608344640,GHV2622,NY,6/22/2015,36,4DSD,LEXUS,0,,EB NORTHERN BLVD @ 1,WH,2014
4004813130,GPK2819,NY,7/16/2015,5,4DSD,BMW,0,,SB 2ND AVE @ E 45TH,BK,2011
4608346398,GUM3377,NY,6/22/2015,36,SUBN,CHRYS,0,,EB HILLSIDE AVE @ PA,BK,2015
4608311438,JLT3506,PA,6/19/2015,36,SW,GMC,0,,WB 4TH AVE @ 41ST ST,,2006
4608348322,GHF2889,NY,6/22/2015,36,4DSD,AUDI,0,,NB 164TH ST @ 71ST A,BK,2013
4608313060,GVV6166,NY,6/19/2015,36,SUBN,DODGE,0,,WB GOETHALS RD N @ J,WH,2015
4608349971,GKR9680,NY,6/22/2015,36,4DSD,MAZDA,0,,NB MCGUINNESS BLVD @,GY,1999
4608314919,GSX9522,NY,6/19/2015,36,SUBN,FORD,0,,NB KINGS HWY @ E 94T,WH,2003
4608316904,GER4297,NY,6/19/2015,36,4DSD,NISSA,0,,WB FLATLANDS AVE @ E,WH,2010
4608353810,GGC5178,NY,6/22/2015,36,SUBN,HUMME,0,,EB HORACE HARDING EX,GR,2003
4608318780,V76EYA,NJ,6/19/2015,36,WAGO,HONDA,0,,WB LINDEN BLVD @ SCH,GREEN,0
4608355508,GJZ3338,NY,6/22/2015,36,CONV,ME/BE,0,,NB KINGS HWY @ E 94T,BK,0
4608320701,GKZ1322,NY,6/19/2015,36,SUBN,CHEVR,0,,NB UNIVERSITY AVE @,GR,0
4608357293,V80FAF,NJ,6/22/2015,36,4 DR,TOYOT,0,,EB SEAVIEW AVE @ E 1,GRAY,2007
4608322515,GXF3803,NY,6/19/2015,36,4DSD,NISSA,0,,SB GRAND CONCOURSE @,BL,2012
4608359060,W201307C,NY,6/22/2015,36,4DSD,TOYOT,0,,SB GRAND CONCOURSE @,BK,2010
4608324240,GLX5510,NY,6/19/2015,36,SUBN,HONDA,0,,WB QUEENS BLVD @ 36T,GY,2004
4608361284,GTP5564,NY,6/22/2015,36,4DSD,BMW,0,,SB KINGS HWY @ TILDE,BK,2014
4608326119,GER3671,NY,6/19/2015,36,SUBN,NISSA,0,,WB QUEENS BLVD @ 36T,BL,2009
4004797123,GWM3777,NY,7/13/2015,5,SUBN,FORD,0,,SB NOSTRAND AVE @ EA,WH,2004
4004798814,T624197C,NY,7/10/2015,5,SUBN,CHEVR,0,,NB 1ST AVE @ E 72ND,BK,2012
4608329704,GVB3347,PA,6/22/2015,36,SDN,ACURA,0,,SB RIVERDALE AV W259,,2008
4608364443,GEG3264,NY,6/22/2015,36,4DSD,HONDA,0,,EB ATLANTIC AVE @ ES,BL,2010
4608428913,GUC1121,NY,6/23/2015,36,4DSD,TOYOT,0,,WB GOETHALS RD N @ J,GY,2014
4608366350,GVD2370,NY,6/22/2015,36,2DSD,HONDA,0,,SB EASTERN PKWY @ TR,GY,2002
4608368436,GXB2483,NY,6/22/2015,36,4DSD,ACURA,0,,SB GRAND CONCOURSE @,GR,1999
4608398027,GNE5096,NY,6/23/2015,36,4DSD,ACURA,0,,EB NORTHERN BLVD @ 1,WH,2011
4608370108,GTW7457,NY,6/22/2015,36,SUBN,GMC,0,,NB RALPH AVE @ BEVER,GY,2008
4608400010,GRF3344,NY,6/23/2015,36,SUBN,JEEP,0,,SB KNAPP ST @ AVE V,WH,2014
4608371710,GCR7924,NY,6/22/2015,36,SUBN,HONDA,0,,NB 164TH ST @ 71ST A,GY,2012
4608401762,GTJ4432,NY,6/23/2015,36,4DSD,HONDA,0,,SB KNAPP ST @ AVE V,WH,2011
4608403874,GEJ9782,NY,6/23/2015,36,4DSD,BMW,0,,SB BEDFORD AV. HYLAN,WH,2013
4608375167,GER6184,NY,6/23/2015,36,SUBN,NISSA,0,,WB JAMAICA AVE @ 224,RD,2014
4608405652,PZZ903B,PA,6/23/2015,36,SW,BMW,0,,SB BAYCHESTER AVE @,,2001
4608376810,JRE6787,PA,6/22/2015,36,SW,CADIL,0,,SB BAYCHESTER AVE @,,2007
4608407429,GWD6672,NY,6/23/2015,36,4DSD,HONDA,0,,EB HORACE HARDING EX,BK,2015
4608378223,GHR1756,NY,6/22/2015,36,SUBN,CHRYS,0,,NB ADAM CLAYTN PWL J,BL,2005
4608409141,GXZ9387,NY,6/23/2015,36,SUBN,HONDA,0,,SB NOSTRAND AVE @ AV,TN,2010
4608379999,GBX8375,NY,6/22/2015,36,4DSD,HYUND,0,,SB PARK AV. E98 ST -,TN,2008
4608410921,GGC9245,NY,6/23/2015,36,SUBN,TOYOT,0,,EB GRAND CENTRAL PKW,GY,2013
4608381908,JHZ4347,PA,6/22/2015,36,SDN,INFIN,0,,EB LINDEN BLVD @ ROC,,2010
4608412632,WSS6436,VA,6/23/2015,36,VAN,FORD,0,,EB ATLANTIC AVE @ ES,WHI,2015
4608414409,W224LN,NY,6/23/2015,36,4DSD,HYUND,0,,EB TRAVIS AV STEINWA,BK,2013
4608385835,GCL2495,NY,6/23/2015,36,4DSD,TOYOT,0,,NB MAIN ST @ REEVES,GY,2010
4608416261,YYL42U,NJ,6/24/2015,36,CON,VOLVO,0,,NB SOUTHERN BV. E142,SL,2004
4608387868,GWD5708,NY,6/23/2015,36,4DSD,FORD,0,,WB PARK AVE @ WAVERL,BK,2015
4608417940,GRJ7762,NY,6/25/2015,36,SUBN,BMW,0,,SB 14 AV 86 ST - CRO,RD,2004
4608389774,GXS9413,NY,6/23/2015,36,SUBN,CHEVR,0,,WB FLATLANDS AVE @ E,GY,2015
4608419730,GGA7639,NY,6/23/2015,36,4DSD,NISSA,0,,EB HORACE HARDING EX,GY,2003
4608391513,GDB2958,NY,6/23/2015,36,SUBN,DODGE,0,,SB PENNSYLVANIA AVE,TN,2002
4608421578,GTM4724,NY,6/23/2015,36,SUBN,VOLVO,0,,EB ATLANTIC AVE @ ES,GY,2015
4608393637,T646483C,NY,6/23/2015,36,SUBN,TOYOT,0,,EB ATLANTIC AVE @ ES,BK,2014
4608423411,GXB1510,NY,6/23/2015,36,4DSD,HONDA,0,,SB BAYCHESTER AVE @,WH,1998
4608395373,PTU8035,GA,6/23/2015,36,4S,CHEVR,0,,EB HORACE HARDING EX,RED,2014
4608397217,GGF2708,NY,6/23/2015,36,SUBN,DODGE,0,,EB ATLANTIC AVE @ ES,BL,2005
4608427295,GPT5199,NY,6/23/2015,36,4DSD,TOYOT,0,,EB HORACE HARDING EX,GY,2011
4608469113,GWU8011,NY,6/24/2015,36,SUBN,TOYOT,0,,WB 4TH AVE @ 41ST ST,BK,2015
4608433416,T661411C,NY,6/23/2015,36,4DSD,NISSA,0,,WB QUEENS BLVD @ 36T,BK,2011
4608471028,GYD4039,NY,6/24/2015,36,4DSD,MERCU,0,,NB KINGS HWY @ E 94T,TN,1998
4608435310,S3E933,NY,6/23/2015,36,4DSD,HONDA,0,,WB QUEENS BLVD @ 36T,GR,1999
4608472770,GNG1445,NY,6/24/2015,36,4DSD,VOLKS,0,,WB FOREST AVE @ MORN,BK,2014
4608437082,GUY7439,NY,6/24/2015,36,SUBN,TOYOT,0,,EB BEACH CHANNEL DR,GR,2014
4608474479,R85DHM,NJ,6/24/2015,36,4 DR,NISSA,0,,SB KNAPP ST @ AVE V,WHITE,2013
4608438700,T648915C,NY,6/24/2015,36,SUBN,HONDA,0,,WB QUEENS BLVD @ 36T,BK,2014
4608476166,MZR41A,NJ,6/24/2015,36,4 DR,JEEP,0,,SB GRAND CONCOURSE @,RD,1999
4608440457,GYD5736,NY,6/24/2015,36,SUBN,CHEVR,0,,WB FLATLANDS AVE @ E,GY,2005
4608442296,GGZ2770,NY,6/24/2015,36,4DSD,JAGUA,0,,EB GRAND CENTRAL PKW,GY,2013
4608480200,GTE2432,NY,6/25/2015,36,4DSD,SUBAR,0,,WB QUEENS BLVD @ 36T,GY,2015
4608444074,GXX9616,NY,6/24/2015,36,4DSD,NISSA,0,,WB GOETHALS RD N @ J,BK,2015
4608482257,HCW3454,PA,6/25/2015,36,SW,BMW,0,,EB UNION TRPK @ CROS,,2002
4608445558,GYE7815,NY,6/24/2015,36,SUBN,GMC,0,,SB BROADWAY @ W 196T,RD,2015
4608484140,JWD213,SC,6/25/2015,36,SV,DODGE,0,,WB FLATLANDS AVE @ E,,2005
4608447154,GRB7524,NY,6/24/2015,36,2DSD,BMW,0,,EB HORACE HARDING EX,GY,2014
4608486007,GUJ4573,NY,6/25/2015,36,SUBN,TOYOT,0,,SB EASTERN PKWY @ TR,GY,2014
4608448948,GFK1459,NY,6/24/2015,36,SUBN,MITSU,0,,EB HORACE HARDING EX,GY,2013
4608488077,GXW5232,NY,6/25/2015,36,2DSD,ACURA,0,,SB BAYCHESTER AVE @,WH,1994
4608450888,GKE8561,NY,6/24/2015,36,4DSD,HYUND,0,,NB KINGS HWY @ E 94T,BK,2014
4608452964,GWG6732,NY,6/24/2015,36,SUBN,JEEP,0,,NB MCGUINNESS BLVD @,BK,2015
4608492251,GKY2179,NY,6/26/2015,36,SUBN,NISSA,0,,NB MAIN ST @ REEVES,GR,1998
4608454705,HOMRDOH,NY,6/24/2015,36,PICK,TOYOT,0,,EB ATLANTIC AVE @ ES,BL,2007
4608494314,GWG6988,NY,6/26/2015,36,4DSD,FORD,0,,EB LINDEN BLVD @ ROC,WH,2014
4608456623,GCA6773,NY,6/24/2015,36,4DSD,ME/BE,0,,WB FLATLANDS AVE @ E,BK,2004
4608496360,GNX1004,NY,6/26/2015,36,SUBN,ME/BE,0,,SB AMSTERDAM AVE @ W,GY,2007
4608458528,GER1654,NY,6/24/2015,36,SUBN,TOYOT,0,,SB SPRINGFIELD BLVD,GY,2013
4608498137,GWJ6343,NY,6/26/2015,36,SUBN,CHRYS,0,,WB JAMAICA AVE @ 224,RD,2006
4608460201,GTM4415,NY,6/24/2015,36,4DSD,NISSA,0,,EB SEAVIEW AVE @ E 1,GY,2010
4608499993,GXW9008,NY,6/26/2015,36,PICK,FORD,0,,SB KNAPP ST @ AVE V,GY,2009
4608462313,T643977C,NY,6/24/2015,36,4DSD,LINCO,0,,NB 10TH AVE @ W 54TH,BK,2007
4608464620,GVZ2332,NY,6/24/2015,36,SUBN,FORD,0,,NB UNIVERSITY AVE @,RD,2003
4608431705,GHM4656,NY,6/23/2015,36,SUBN,FORD,0,,WB JAMAICA AVE @ 224,RD,2003
4608466550,GVM4662,NY,6/24/2015,36,4DSD,BMW,0,,EB HORACE HARDING EX,GY,2015
4608503686,GRD7899,NY,6/26/2015,36,SUBN,HONDA,0,,WB PARK AVE @ WAVERL,GY,2014
4608571795,GTR8643,NY,7/9/2015,36,4DSD,TOYOT,0,,WB FLATLANDS AVE @ E,GY,2010
4608505269,GUJ5617,NY,6/26/2015,36,PICK,FORD,0,,EB ATLANTIC AVE @ ES,BK,2014
4608507400,GRH7930,NY,6/26/2015,36,2DSD,HONDA,0,,SB BAYCHESTER AVE @,GY,2014
4608539632,GPV5367,NY,7/7/2015,36,4DSD,TOYOT,0,,WB 51 AV HILLYER ST,GY,2006
4608509378,GXN8518,NY,6/26/2015,36,SUBN,JEEP,0,,EB GRAND CENTRAL PKW,GY,2015
4608541705,GWR2434,NY,7/7/2015,36,SUBN,JEEP,0,,WB GOETHALS RD N @ J,GY,2014
4608543969,GPZ7418,NY,7/8/2015,36,SUBN,SUBAR,0,,SB CONEY ISLAND AV.,BK,2006
4608513357,GXF4867,NY,6/26/2015,36,2DSD,TOYOT,0,,EB GRAND CENTRAL PKW,RD,2013
4608545711,GYC9229,NY,7/8/2015,36,4DSD,TOYOT,0,,SB 4 AVE. 33 ST- 41,WH,2015
4608515410,GVG5376,NY,6/26/2015,36,SUBN,JEEP,0,,EB ATLANTIC AVE @ ES,RD,2015
4608547513,GJN5513,NY,7/8/2015,36,4DSD,ME/BE,0,,EB GRAND CENTRAL PKW,BK,1997
4608518409,M175699,AL,7/6/2015,36,MC,HONDA,0,,WB GOETHALS RD N @ J,RED,2013
4608549273,ZZC97V,NJ,7/8/2015,36,WAGO,HONDA,0,,SB 4 AVE. 33 ST- 41,SL,2005
4608520465,K82DWB,NJ,7/7/2015,36,WAGO,CHRYS,0,,WB FLATLANDS AVE @ E,BL,2001
4608551152,GWU4801,NY,7/8/2015,36,4DSD,TOYOT,0,,NB BAY PKWY @ 63RD S,BK,2014
4608522371,GYM9428,NY,7/6/2015,36,4DSD,HYUND,0,,NB FREDRCK DGLS BV.,GY,2013
4608553057,GVM3970,NY,7/8/2015,36,SUBN,LEXUS,0,,WB GOETHALS RD N @ J,BK,2003
4608524239,M936UN,NY,7/7/2015,36,SUBN,ROVER,0,,NB 4 AVE. 33 ST - 26,WH,2011
4608526224,H41DHT,NJ,7/7/2015,36,4 DR,HONDA,0,,SB WOODHAVEN BLVD @,GY,2013
4608556885,HJE736,SC,7/8/2015,36,4S,CHRYS,0,,WB LINDEN BLVD @ SCH,,2006
4608527770,S65CDT,NJ,7/7/2015,36,4 DR,INFIN,0,,NB 10TH AVE @ W 54TH,BLACK,2012
4608558675,T654144C,NY,7/8/2015,36,4DSD,TOYOT,0,,WB QUEENS BLVD @ 36T,BK,2014
4608529468,GDR8982,NY,7/7/2015,36,SUBN,ACURA,0,,EB BEACH CHANNEL DR,BK,2013
4608560475,GVM4242,NY,7/8/2015,36,SUBN,CADIL,0,,SB WOODHAVEN BLVD @,GY,2009
4608531153,K23FKM,NJ,7/7/2015,36,4 DR,SUBAR,0,,SB NOSTRAND AVE @ AV,GY,2015
4608562289,GVT3704,NY,7/8/2015,36,4DSD,NISSA,0,,EB UNION TRPK @ CROS,GY,2015
4608532972,GNY3520,NY,7/7/2015,36,4DSD,NISSA,0,,WB HILLSIDE AVE @ 13,WH,2010
4608564160,GXV4840,NY,7/9/2015,36,PICK,TOYOT,0,,WB FLATLANDS AVE @ E,BK,1996
4608534786,T663826C,NY,7/7/2015,36,SUBN,DODGE,0,,WB QUEENS BLVD @ 36T,GR,2014
4608536709,GHH9311,NY,7/7/2015,36,SUBN,CHEVR,0,,WB FLATLANDS AVE @ E,WH,2011
4608567860,GUS1644,NY,7/9/2015,36,4DSD,CADIL,0,,EB SEAVIEW AVE @ E 1,BL,2006
4608538494,GDJ3991,NY,7/7/2015,36,SUBN,NISSA,0,,NB MIDLAND AVE @ MAS,BR,2014
4608569715,GUM5869,NY,7/9/2015,36,4DSD,HONDA,0,,NB SOUNDVIEW AVE @ B,BK,2011
4608611537,GNR6782,NY,7/13/2015,36,SUBN,LEXUS,0,,WB GOETHALS RD N @ J,GY,2014
4608575417,T517603C,NY,7/9/2015,36,SUBN,TOYOT,0,,SB BAYCHESTER AVE @,GY,2012
4608613080,GUR1263,NY,7/13/2015,36,SUBN,NISSA,0,,NB KINGS HWY @ E 94T,GY,2011
4608577268,KMZ361,SC,7/9/2015,36,SU,NISSA,0,,WB LINDEN BLVD @ SCH,,2013
4608614757,GCR1255,NY,7/13/2015,36,4DSD,CHEVR,0,,SB BAYCHESTER AVE @,BL,2006
4608578870,GFS9643,NY,7/9/2015,36,SUBN,FORD,0,,EB GRAND CENTRAL PKW,GY,2013
4608616596,PC383998,DE,7/13/2015,36,RDV,BUICK,0,,EB BEACH CHANNEL DR,,2004
4608618441,GLZ8091,NY,7/13/2015,36,4DSD,NISSA,0,,NB MIDLAND AVE @ MAS,WH,2014
4608582665,GUC1506,NY,7/9/2015,36,SUBN,HONDA,0,,WB GOETHALS RD N @ J,BK,2014
4608620150,GEW3557,NY,7/13/2015,36,SUBN,LINCO,0,,SB PAGE AV. EASTWOOD,GR,2007
4608584455,T642282C,NY,7/10/2015,36,TAXI,FORD,0,,WB QUEENS BLVD @ 36T,GR,2008
4608621816,GKL7609,NY,7/13/2015,36,2DSD,AUDI,0,,NB FRANCIS LEWIS BV,BK,2014
4608586312,N51CFC,NJ,7/10/2015,36,VAN,FORD,0,,NB 10TH AVE @ W 54TH,WT,2006
4608623588,GWJ8383,NY,7/13/2015,36,SUBN,SUBAR,0,,WB FLATLANDS AVE @ E,BL,2015
4608587973,L54EEH,NJ,7/10/2015,36,4 DR,CHEVR,0,,WB QUEENS BLVD @ 36T,BG,2014
4608625380,GKZ8252,NY,7/13/2015,36,4DSD,DODGE,0,,NB KINGS HWY @ E 94T,BK,2012
4608589891,X51EFU,NJ,7/10/2015,36,WAGO,HONDA,0,,WB FLATLANDS AVE @ E,BLACK,2003
4608627594,JWC8828,PA,7/14/2015,36,SW,HONDA,0,,WB HILLSIDE AVE @ 13,,0
4608629610,GPN7014,NY,7/14/2015,36,SUBN,HYUND,0,,WB FLATLANDS AVE @ E,GY,2014
4608594205,GVD4174,NY,7/10/2015,36,SUBN,NISSA,0,,EB BEACH CHANNEL DR,GY,2005
4608631202,T528766C,NY,7/14/2015,36,4DSD,LINCO,0,,EB E GUN HILL RD @ B,BK,2005
4608596093,GVS9138,NY,7/10/2015,36,PICK,DODGE,0,,EB BEACH CHANNEL DR,GY,2015
4608632966,GRG6558,NY,7/14/2015,36,SUBN,ACURA,0,,SB BAYCHESTER AVE @,BK,2014
4608597978,GXS7696,NY,7/10/2015,36,SUBN,TOYOT,0,,WB FLATLANDS AVE @ E,GY,2012
4608634458,G22CRG,NJ,7/14/2015,36,WAGO,JEEP,0,,NB BAY PKWY @ 63RD S,GRN,1999
4608599823,T671648C,NY,7/10/2015,36,SUBN,NISSA,0,,EB GRAND CENTRAL PKW,WH,2015
4608636169,GPX1573,NY,7/14/2015,36,4DSD,HONDA,0,,SB UTOPIA PKWY @ 56T,BK,2012
4608601611,GLR5488,NY,7/10/2015,36,4DSD,BMW,0,,NB MIDLAND AVE @ MAS,LTGY,2001
4608637745,GVC5893,NY,7/14/2015,36,2DSD,LEXUS,0,,SB PENNSYLVANIA AVE,BK,1995
4608639717,GWK9747,NY,7/14/2015,36,4DSD,CADIL,0,,EB GRAND CENTRAL PKW,GY,2009
4608605331,GKL8330,NY,7/13/2015,36,SUBN,HONDA,0,,NB BAY PKWY @ 63RD S,BL,2014
4608641505,K27DKR,NJ,7/14/2015,36,4 DR,CHRYS,0,,SB BAYCHESTER AVE @,SL,2010
4608607224,JMA2969,PA,7/13/2015,36,CP,BMW,0,,WB FLATLANDS AVE @ E,,2006
4608573810,GKB7647,NY,7/9/2015,36,4DSD,NISSA,0,,WB LINDEN BLVD @ SCH,BK,2013
4608609117,GSR4625,NY,7/13/2015,36,4DSD,NISSA,0,,SB BAYCHESTER AVE @,BK,2001
4608642996,VJK84J,NJ,7/14/2015,36,4 DR,HONDA,0,,WB GOETHALS RD N @ J,SL,2007
4608708065,GPP7410,NY,7/17/2015,36,SUBN,JEEP,0,,WB GOETHALS RD N @ J,WH,2011
4608644841,MSJ23C,NJ,7/14/2015,36,WAGO,TOYOT,0,,WB GOETHALS RD N @ J,GY,2002
4608646965,GJP7575,NY,7/15/2015,36,4DSD,HONDA,0,,SB NOSTRAND AVE @ AV,BK,2006
4608676684,GYU9049,NY,7/15/2015,36,4DSD,CHEVR,0,,WB GOETHALS RD N @ J,TN,2003
4608678516,GDX8835,NY,7/16/2015,36,CONV,NISSA,0,,SB KINGS HWY @ TILDE,GY,2004
4608650889,TNW990,NY,7/14/2015,36,4DSD,TOYOT,0,,EB ROCKAWAY BLVD @ 1,TN,2002
4608680146,GWE3068,NY,7/16/2015,36,SUBN,ME/BE,0,,WB LINDEN BLVD @ SCH,GY,2015
4608652849,L50406,NY,7/13/2015,36,4DSD,TOYOT,0,,WB E135 ST. ST ANNS,BK,2004
4608682167,T659877C,NY,7/16/2015,36,4DSD,TOYOT,0,,WB HILLSIDE AVE @ 13,BK,2015
4608654421,GTS2266,NY,7/14/2015,36,SUBN,CHEVR,0,,NB 4 AV 33 ST - 27 S,GY,2002
4608683860,GNY6857,NY,7/16/2015,36,4DSD,NISSA,0,,EB GRAND CENTRAL PKW,GY,2009
4608655980,MANDYF,NY,7/15/2015,36,4DSD,FORD,0,,NB FRANCIS LEWIS BLV,MR,2006
4608685405,GVR4097,NY,7/16/2015,36,CONV,MAZDA,0,,WB FLATLANDS AVE @ E,GR,2002
4608657586,GSN6462,NY,7/15/2015,36,CONV,AUDI,0,,WB QUEENS BLVD @ 36T,BK,2011
4608687190,GVM1223,NY,7/16/2015,36,4DSD,TOYOT,0,,NB SOUNDVIEW AVE @ B,WH,2011
4608689320,GPK5343,NY,7/16/2015,36,SUBN,NISSA,0,,WB GOETHALS RD N @ J,BK,2014
4608661012,GUV2489,NY,7/15/2015,36,4DSD,TOYOT,0,,EB FLATLANDS AVE @ E,GY,2001
4608690905,GTT2173,NY,7/16/2015,36,PICK,CHEVR,0,,EB BEACH CHANNEL DR,RD,2005
4608662855,GSP8004,NY,7/15/2015,36,SUBN,LINCO,0,,SB PENNSYLVANIA AVE,GY,2014
4608692951,GPM6375,NY,7/14/2015,36,4DSD,HONDA,0,,SB SHORE RD @ 83RD S,BK,2014
4608664529,T91EVP,NJ,7/15/2015,36,4 DR,NISSA,0,,NB KINGS HWY @ E 94T,WT,2015
4608695009,GZH3565,NY,7/16/2015,36,SUBN,DODGE,0,,EB E GUN HILL RD @ B,TN,2004
4608666307,GBX9613,NY,7/15/2015,36,4DSD,NISSA,0,,SB BAYCHESTER AVE @,GY,2014
4608696750,GNA2989,NY,7/16/2015,36,4DSD,TOYOT,0,,SB BAYCHESTER AVE @,GR,1998
4608668006,GVJ7169,NY,7/15/2015,36,SUBN,KIA,0,,SB UTOPIA PKWY @ 56T,BK,2015
4608698539,S60DTM,NJ,7/16/2015,36,4 DR,FORD,0,,WB GOETHALS RD N @ J,RD,2014
4608700406,T7Y352,NY,7/16/2015,36,SUBN,SUBAR,0,,SB SHORE RD @ 83RD S,BL,2007
4608671716,GUM2659,NY,7/16/2015,36,SUBN,JEEP,0,,NB PNSLVANIA AV. NEW,GL,2006
4608702361,GUX2279,NY,7/16/2015,36,4DSD,BUICK,0,,NB MIDLAND AVE @ MAS,RD,2002
4608673476,T504049C,NY,7/16/2015,36,SUBN,TOYOT,0,,NB 1 AV E117 ST. - E,GY,2013
4608704217,T628658C,NY,7/17/2015,36,4DSD,LINCO,0,,WB JAMAICA AVE @ 224,BK,2007
4608675291,NYCPWASH,NY,7/15/2015,36,VAN,GMC,0,,WB GOETHALS RD N @ J,WH,2004
4608705787,GUG9267,NY,7/17/2015,36,SUBN,TOYOT,0,,NB GRAND CONCOURSE @,TN,2011
4608745979,KIS485,SC,7/20/2015,36,4S,NISSA,0,,SB KINGS HWY @ TILDE,,0
4608711921,GDS4814,NY,7/17/2015,36,4DSD,FORD,0,,EB BEACH CHANNEL DR,RD,2008
4608747733,GNG1899,NY,7/20/2015,36,4DSD,LEXUS,0,,WB GOETHALS RD N @ J,WH,2004
4608749560,GAL2792,NY,7/21/2015,36,4DSD,HONDA,0,,WB JAMAICA AVE @ 224,TN,1999
4608715550,GNK6795,NY,7/17/2015,36,SUBN,VOLKS,0,,WB FLATLANDS AVE @ E,GY,2014
4608751256,GSC6465,NY,7/20/2015,36,SUBN,TOYOT,0,,WB 4TH AVE @ 41ST ST,BL,2008
4608717443,GFS6489,NY,7/20/2015,36,4DSD,KIA,0,,EB MARSH AV. ELMWD P,WH,2013
4608753319,MJ4X1P,MO,7/21/2015,36,FODO,CHEVR,0,,SB AMSTERDAM AV W148,,2015
4608718964,ZT7013,VA,7/17/2015,36,4D,BMW,0,,SB KINGS HWY @ TILDE,WHI,1995
4608754956,GXV3880,NY,7/21/2015,36,VAN,FORD,0,,EB SEAVIEW AVE @ E 1,WH,2011
4608720790,T630105C,NY,7/17/2015,36,SUBN,CHEVR,0,,WB GOETHALS RD N @ J,BK,2013
4608756655,JBR4955,PA,7/21/2015,36,SW,CHRYS,0,,NB CONEY ISLAND AV.,,2004
4608722578,GWG6946,NY,7/17/2015,36,SUBN,LINCO,0,,WB GOETHALS RD N @ J,BK,2015
4608758512,KRB139,NY,7/21/2015,36,4DSD,CHEVR,0,,SB KINGS HWY @ TILDE,GY,2015
4608760658,T645867C,NY,7/21/2015,36,4DSD,TOYOT,0,,EB ROCKAWAY BLVD @ 1,BK,2015
4608726110,GMS5231,NY,7/17/2015,36,4DSD,NISSA,0,,WB JAMAICA AVE @ 224,RD,1998
4608762485,GUX2047,NY,7/22/2015,36,4DSD,FORD,0,,WB WOODROW RD. HELIO,WH,2007
4608727783,GGM6647,NY,7/20/2015,36,4DSD,LEXUS,0,,NB BAY PKWY @ 63RD S,GY,2013
4608764238,GFS8277,NY,7/22/2015,36,SUBN,LEXUS,0,,SB CASTLE HILL AV LA,GY,2013
4608729070,GDS4165,NY,7/20/2015,36,SUBN,JEEP,0,,WB JAMAICA AVE @ 224,TN,1999
4608765486,GYP7386,NY,7/21/2015,36,SUBN,JEEP,0,,SB KINGS HWY @ TILDE,GY,2015
4608730782,GDX9097,NY,7/20/2015,36,SUBN,CHRYS,0,,WB GOETHALS RD N @ J,WH,2003
4608767227,GMK4414,NY,7/21/2015,36,SUBN,BMW,0,,SB SHORE RD @ 83RD S,BK,2014
4608769315,T656914C,NY,7/21/2015,36,4DSD,TOYOT,0,,NB KINGS HWY @ E 94T,WH,2014
4608734325,GVL1260,NY,7/21/2015,36,SUBN,GMC,0,,SB PNSLVANIA AV. BEL,BK,2015
4608771164,GDX4418,NY,7/21/2015,36,SUBN,CADIL,0,,SB SHORE RD @ 83RD S,WH,2011
4608735822,JTL8356,PA,7/20/2015,36,SW,TOYOT,0,,EB FLATLANDS AVE @ E,,2015
4608772934,GTU8013,NY,7/21/2015,36,SUBN,BMW,0,,WB GOETHALS RD N @ J,WH,2014
4608737685,T523063C,NY,7/20/2015,36,4DSD,LINCO,0,,NB 10TH AVE @ W 54TH,BK,2010
4608774694,VZV46R,NJ,7/22/2015,36,WAGO,SUBAR,0,,EB E HOUSTON ST. AVE,BL,2005
4608739440,GNC2402,NY,7/20/2015,36,SUBN,FORD,0,,WB LINDEN BLVD @ SCH,WH,2006
4608776502,GWR2089,NY,7/21/2015,36,PICK,FORD,0,,WB GOETHALS RD N @ J,BK,2004
4608741421,GGH1394,NY,7/20/2015,36,4DSD,FORD,0,,SB PENNSYLVANIA AVE,GY,2003
4608709732,GDV4063,NY,7/17/2015,36,SUBN,ME/BE,0,,SB KINGS HWY @ TILDE,GY,2010
4608711738,GKZ8850,NY,7/17/2015,36,4DSD,HONDA,0,,WB BRUCKNER BLVD @ M,BK,1996
4608745414,T682368C,NY,7/20/2015,36,SUBN,CHEVR,0,,SB KINGS HWY @ TILDE,BK,2015
4608779590,GUJ8849,NY,7/23/2015,36,4DSD,ME/BE,0,,NB NEW DORP LN WEED,BK,2014
4608845263,W63FHB,NJ,7/27/2015,36,4 DR,CHRYS,0,,EB BEACH CHANNEL DR,WT,2015
4608781364,GNC2332,NY,7/24/2015,36,4DSD,NISSA,0,,SB SCHENCTDY AV. FUL,BR,2004
4608783129,G46EAG,NJ,7/22/2015,36,WAGO,BMW,0,,WB FLATLANDS AVE @ E,TN,2007
4608813444,GUM3948,NY,7/23/2015,36,SUBN,ME/BE,0,,EB FLATLANDS AVE @ E,BK,2015
4608784900,GVF3129,NY,7/22/2015,36,VAN,GMC,0,,SB BAYCHESTER AVE @,RD,2001
4608815313,GGB8677,NY,7/23/2015,36,SUBN,TOYOT,0,,SB NOSTRAND AVE @ AV,GY,2015
4608786581,GKD7210,NY,7/22/2015,36,4DSD,SUBAR,0,,SB WOODHAVEN BLVD @,GY,2013
4608816974,GLH2085,NY,7/23/2015,36,4DSD,ME/BE,0,,WB GOETHALS RD N @ J,GY,2014
4608818909,GDE5395,NY,7/23/2015,36,SUBN,NISSA,0,,WB GOETHALS RD N @ J,BK,2004
4608790523,GLL2809,NY,7/22/2015,36,SUBN,FORD,0,,SB PENNSYLVANIA AVE,WH,2004
4608820874,GAK3122,NY,7/23/2015,36,SUBN,BMW,0,,WB QUEENS BLVD @ 36T,BK,2013
4608792271,T680682C,NY,7/22/2015,36,4DSD,HYUND,0,,SB KINGS HWY @ TILDE,BR,2015
4608822573,GPA4806,NY,7/23/2015,36,PICK,TOYOT,0,,WB GOETHALS RD N @ J,GY,2014
4608794206,GXA8189,NY,7/22/2015,36,SUBN,JEEP,0,,NB SOUNDVIEW AVE @ B,GY,2011
4608824314,GXF6125,NY,7/23/2015,36,2DSD,HONDA,0,,WB GOETHALS RD N @ J,BL,2015
4608795958,GTJ5511,NY,7/22/2015,36,SUBN,CHEVR,0,,SB SHORE RD @ 83RD S,BL,2005
4608826037,GUL9335,NY,7/24/2015,36,PICK,FORD,0,,SB KINGS HWY @ TILDE,WH,2015
4608797712,GUX7293,NY,7/22/2015,36,4DSD,NISSA,0,,WB FLATLANDS AVE @ E,GY,2012
4608827625,YERMAMA,NY,7/24/2015,36,SUBN,HONDA,0,,EB ROCKAWAY BLVD @ 1,WH,2014
4608829853,GGK6846,NY,7/24/2015,36,4DSD,BMW,0,,SB WOODHAVEN BLVD @,GY,2013
4608801077,GPW5116,NY,7/22/2015,36,4DSD,LEXUS,0,,EB GRAND CENTRAL PKW,BK,2011
4608831720,GGT3386,NY,7/24/2015,36,4DSD,NISSA,0,,WB JAMAICA AVE @ 224,BL,2013
4608802793,T38CVL,NJ,7/22/2015,36,4 DR,HYUND,0,,WB GOETHALS RD N @ J,SL,2013
4608833716,GXV3299,NY,7/24/2015,36,4DSD,HONDA,0,,EB ROCKAWAY BLVD @ 1,TN,2003
4608804625,GVK7864,NY,7/23/2015,36,4DSD,HONDA,0,,WB GOETHALS RD N @ J,GY,2012
4608835660,P14EGR,NJ,7/24/2015,36,VAN,HONDA,0,,EB BEACH CHANNEL DR,,2010
4608806385,GND6000,NY,7/23/2015,36,4DSD,HYUND,0,,EB FLATLANDS AVE @ E,TN,2007
4608837497,WTB3093,VA,7/24/2015,36,4W,ROVER,0,,NB KINGS HWY @ E 94T,WHI,2011
4608808229,GDV3013,NY,7/23/2015,36,SUBN,BMW,0,,WB GOETHALS RD N @ J,WH,2013
4608839214,HOLY27,NY,7/24/2015,36,SUBN,CADIL,0,,EB E GUN HILL RD @ B,GY,2005
4608840964,GXW8850,NY,7/24/2015,36,4DSD,LEXUS,0,,WB GOETHALS RD N @ J,WH,2014
4608812221,GKM2705,NY,7/23/2015,36,SUBN,JEEP,0,,EB BEACH CHANNEL DR,WH,2014
4608843023,GDG9182,NY,7/24/2015,36,2DSD,HONDA,0,,WB JAMAICA AVE @ 224,GY,2012
5086716287,GSU6946,NY,6/13/2015,7,4DSD,HONDA,0,,2ND AVE (S/B) @ 26TH,GR,2013
4608849293,GMR7628,NY,7/27/2015,36,4DSD,HONDA,0,,NB KINGS HWY @ E 94T,MR,2004
5086718077,GJU3876,NY,6/13/2015,7,4DSD,INFIN,0,,NORTHERN BLVD (E/B),WH,2014
4608851275,GVF8123,NY,7/27/2015,36,SUBN,BMW,0,,SB PENNSYLVANIA AVE,WH,2015
5086720291,YSA842,NY,6/13/2015,7,4DSD,CHEVR,0,,GUN HILL ROAD (W/B),GY,2012
4608852966,GXL3701,NY,7/27/2015,36,PICK,FORD,0,,EB GRAND CENTRAL PKW,GY,2004
5086722287,MCC64W,NJ,6/13/2015,7,PKUP,TOYOT,0,,FOREST AVE (W/B) @ S,RD,2002
4608854987,GXP3116,NY,7/27/2015,36,4DSD,BMW,0,,WB 4TH AVE @ 41ST ST,BK,2013
4608856868,M51CDJ,NJ,7/27/2015,36,4 DR,TOYOT,0,,NB BAY PKWY @ 63RD S,GY,2012
5086726062,GAC8367,NY,6/13/2015,7,2DSD,CADIL,0,,ATLANTIC AVE (E/B) @,BK,2014
4608858853,GPJ5688,NY,7/27/2015,36,4DSD,ME/BE,0,,SB UTOPIA PKWY @ 56T,BK,2010
5086727959,GWT9939,NY,6/13/2015,7,SUBN,ME/BE,0,,ATLANTIC AVE (E/B) @,BK,2015
4608860999,GUJ2127,NY,7/27/2015,36,4DSD,HONDA,0,,WB HILLSIDE AVE @ 13,BL,2014
5086729919,XN6145,NY,6/13/2015,7,SUBN,NISSA,0,,MCDONALD AVE (S/B) @,BK,2012
4608862996,GNC8376,NY,7/27/2015,36,SUBN,FORD,0,,WB JAMAICA AVE @ 224,BL,2008
5086731689,ZJM91M,NJ,6/13/2015,7,4 DR,NISSA,0,,ATLANTIC AVE (E/B) @,GY,1993
4608864890,GJS8792,NY,7/27/2015,36,4DSD,ME/BE,0,,NB KINGS HWY @ E 94T,BK,2007
5086733443,GTA3646,NY,6/13/2015,7,4DSD,MITSU,0,,SO CONDUIT AVE (E/B),BK,2003
4608866576,GSL5744,NY,7/28/2015,36,VAN,FORD,0,,EB BEACH CHANNEL DR,BL,2014
5086735282,GVR6054,NY,6/13/2015,7,SUBN,TOYOT,0,,OCEAN PKWY (N/B) @ A,GY,2005
5086737217,GTJ4156,NY,6/13/2015,7,4DSD,ME/BE,0,,WOODHAVEN BLVD (N/B),GY,0
4608870439,GYU2674,NY,7/28/2015,36,SUBN,FORD,0,,EB LINDEN BLVD @ ROC,GR,2002
5086738880,GVB2597,NY,6/14/2015,7,4DSD,INFIN,0,,FLATBUSH AVE (N/B) @,BR,2014
5086703967,H23FJP,NJ,6/12/2015,7,4 DR,HONDA,0,,OCEAN PKWY (N/B) @ C,RD,2015
5086740472,GGB4821,NY,6/14/2015,7,SUBN,TOYOT,0,,LINDEN BLVD (W/B) @,GR,2013
5086705812,W53EKK,NJ,6/12/2015,7,4 DR,FORD,0,,CLOVE RD (S/B) @ CHE,BK,2014
5086742298,GYK7040,NY,6/14/2015,7,SUBN,FORD,0,,CADMAN PLAZA (E/B) @,OR,2015
5086707572,GEU1283,NY,6/12/2015,7,SUBN,TOYOT,0,,HORACE HARDING EXPWY,GY,2002
5086743874,GTC9083,NY,6/14/2015,7,4DSD,TOYOT,0,,GUN HILL ROAD (W/B),BK,2012
5086709349,VBB4968,VA,6/12/2015,7,4H,FORD,0,,S CONDUIT AVE (E/B),RED,2014
5086745743,GYR8681,NY,6/14/2015,7,SUBN,TOYOT,0,,MCDONALD AVE (S/B) @,GY,2006
5086711186,WSX9521,VA,6/12/2015,7,4D,CHRYS,0,,OCEAN PKWY (N/B) @ A,BLU,2013
5086712877,GDU8964,NY,6/12/2015,7,SUBN,JEEP,0,,NORTHERN BLVD (W/B),BL,2013
4608847685,T638502C,NY,7/27/2015,36,SUBN,HONDA,0,,NB BAY PKWY @ 63RD S,BK,2011
5086714394,GTC4014,NY,6/13/2015,7,4DSD,HONDA,0,,,,0
5086749487,GMR4658,NY,6/14/2015,7,SUBN,SUBAR,0,,KINGS HWY (E/B) @ NO,BK,1998
5086821265,HCJ5119,PA,6/18/2015,7,SDN,NISSA,0,,WILLIAMSBURG ST (S/B,,2005
5086751378,T609408C,NY,6/14/2015,7,SUBN,TOYOT,0,,BRUCKNER BLVD (E/B),RD,2006
5086753521,GVB7632,NY,6/14/2015,7,4DSD,NISSA,0,,ATLANTIC AVE (E/B) @,BK,0
5086787476,SMASCOT,NY,6/16/2015,7,4DSD,NISSA,0,,23RD AVE (E/B) @ 94T,BK,1999
5086755189,R49FBS,NJ,6/14/2015,7,4 DR,KIA,0,,ATLANTIC AVE (W/B) @,GY,2015
5086788869,GTM3260,NY,6/16/2015,7,SUBN,GMC,0,,12TH AVE (S/B) @ 34T,GY,2015
5086756868,GMH9399,NY,6/14/2015,7,SUBN,BMW,0,,NORTHERN BLVD (W/B),GY,2014
5086758932,GWM2166,NY,6/14/2015,7,SUBN,CHEVR,0,,GRAND CONCOURSE (S/B,WH,2002
5086793130,GDX3252,NY,6/17/2015,7,SUBN,SUBAR,0,,MCDONALD AVE (S/B) @,GL,2002
5086760744,GUZ4264,NY,6/15/2015,7,SUBN,TOYOT,0,,CROSSBAY BLVD (S/B),GR,2005
5086795163,GWR5480,NY,6/17/2015,7,4DSD,INFIN,0,,RICHMOND AVE (N/B) @,BK,1999
5086762753,T639516C,NY,6/15/2015,7,4DSD,MERCU,0,,L.I.E. N. SVC ROAD (,GR,2001
5086797500,GAV9172,NY,6/17/2015,7,4DSD,HONDA,0,,ATLANTIC AVE (W/B) @,GY,2012
5086765274,GKP8519,NY,6/15/2015,7,4DSD,NISSA,0,,QUEENS BLVD (W/B) @,BK,2014
5086799417,GTS7501,NY,6/17/2015,7,SUBN,HYUND,0,,EB GRAND CENTRAL PKW,RD,2007
5086767362,GWK5832,NY,6/15/2015,7,SUBN,HONDA,0,,WOODHAVEN BLVD (N/B),BL,2003
5086801576,GCG3766,NY,6/17/2015,7,4DSD,ME/BE,0,,WOODHAVEN BLVD (N/B),GY,0
5086769553,GGW7827,NY,6/15/2015,7,SUBN,PLYMO,0,,ROCKAWAY BLVD (N/B),GR,0
5086803743,GWT7246,NY,6/17/2015,7,SUBN,JEEP,0,,EB GRAND CENTRAL PKW,WH,2015
5086805946,GAGNON,NY,6/17/2015,7,SUBN,CHEVR,0,,CLOVE RD (N/B) @ BAR,BK,2015
5086773453,GVH7479,NY,6/15/2015,7,4DSD,NISSA,0,,S CONDUIT AVE (E/B),PR,2011
5086807670,HZH4443,PA,6/18/2015,7,CP,FIAT,0,,QUEENS BLVD (W/B) @,,2015
5086775243,GGK5373,NY,6/16/2015,7,4DSD,BMW,0,,BRONX RIVER PKWY OFF,BK,2010
5086809265,GCK2053,NY,6/18/2015,7,4DSD,TOYOT,0,,3RD AVE (S/B) @ E 13,GY,2012
5086777409,GSR4646,NY,6/16/2015,7,4DSD,VOLKS,0,,23RD AVE (E/B) @ 94T,GY,2015
5086811235,N16FBC,NJ,6/18/2015,7,4 DR,HYUND,0,,NORTHERN BLVD (E/B),WT,2015
5086779625,XH199R,NJ,6/16/2015,7,VAN,CHEVR,0,,VICTORY BLVD (W/B) @,WH,2004
5086813475,PC201618,DE,6/18/2015,7,RAV,TOYOT,0,,FLATBUSH AVE (N/B) @,,2014
5086781693,GHS8212,NY,6/16/2015,7,4DSD,MITSU,0,,EASTERN PKWY (W/B) @,GY,2011
5086815800,GEF6789,NY,6/18/2015,7,SUBN,BMW,0,,QUEENS BLVD (W/B) @,WH,2015
5086783630,GGR6245,NY,6/16/2015,7,4DSD,KIA,0,,ROCKAWAY BLVD (E/B),BK,2014
5086785832,K85FDH,NJ,6/16/2015,7,WAGO,GMC,0,,CLOVE RD (N/B) @ BAR,SL,2015
5086819817,GRH5972,NY,6/18/2015,7,4DSD,TOYOT,0,,FRANCIS LEWIS BLVD (,BK,2010
5086864756,N174081,IL,6/20/2015,7,STN,SUBAR,0,,NORTHERN BLVD (E/B),,2012
5086826883,T616322C,NY,6/19/2015,7,SUBN,TOYOT,0,,OCEAN PKWY (N/B) @ A,GY,2010
5086866595,T635559C,NY,6/21/2015,7,4DSD,LINCO,0,,WHITESTONE EXPWY SVC,BK,2007
5086828958,GXU1967,NY,6/19/2015,7,VAN,FORD,0,,FATHER CAPODANNO BLV,WH,2014
5086868403,GBC1525,NY,6/21/2015,7,SUBN,NISSA,0,,KINGS HWY (E/B) @ NO,GY,2008
5086831337,GHS8380,NY,6/19/2015,7,SUBN,CHEVR,0,,S CONDUIT AVE (E/B),TN,2011
5086870148,GEA2290,NY,6/21/2015,7,SUBN,NISSA,0,,WEST END AVE (S/B) @,BK,2003
5086833334,T663314C,NY,6/19/2015,7,4DSD,TOYOT,0,,E 135TH ST (W/B) @ A,RD,2014
5086871852,GRA4572,NY,6/21/2015,7,4DSD,NISSA,0,,LINDEN BLVD (W/B) @,WH,2015
5086835290,GRM1198,NY,6/19/2015,7,SUBN,SUBAR,0,,WILLIAMSBURG ST (S/B,GY,2011
5086873666,GTF5574,NY,6/21/2015,7,2DSD,HONDA,0,,NORTHERN BLVD (E/B),WH,2014
5086875821,GJU3225,NY,6/21/2015,7,4DSD,NISSA,0,,SO CONDUIT AVE (E/B),GY,0
5086839105,GMH9162,NY,6/19/2015,7,4DSD,NISSA,0,,CLOVE RD (S/B) @ CHE,GY,2011
5086877647,GPC4763,NY,6/21/2015,7,SUBN,TOYOT,0,,BEACH CHANNEL DR (W/,BK,2014
5086840946,GVM7457,NY,6/19/2015,7,4DSD,FORD,0,,ATLANTIC AVE (W/B) @,GY,2015
5086879383,OLMTC203,NJ,6/21/2015,7,WAGO,LINCO,0,,BRONX RIVER PKWY OFF,BK,2014
5086842852,T672329C,NY,6/20/2015,7,4DSD,HYUND,0,,2ND AVE (S/B) @ 26TH,BK,2013
5086881109,JRB8435,PA,6/21/2015,7,SW,CHRYS,0,,SURF AVE (W/B) @ W 5,,2005
5086844680,T79DXV,NJ,6/20/2015,7,WAGO,KIA,0,,WB N CONDUIT AVE @ V,RD,2010
5086882928,GDW1685,NY,6/22/2015,7,4DSD,ACURA,0,,EASTERN PKWY (W/B) @,RD,2010
5086846924,GPN9142,NY,6/20/2015,7,VAN,CHEVR,0,,OCEAN PKWY (S/B) @ S,WH,2004
5086884640,GMJ4075,NY,6/22/2015,7,4DSD,INFIN,0,,CADMAN PLAZA (E/B) @,BK,2014
5086848751,GEA9241,NY,6/20/2015,7,4DSD,HONDA,0,,SO CONDUIT AVE (E/B),GY,2012
5086850927,GSP9314,NY,6/20/2015,7,PICK,TOYOT,0,,HORACE HARDING EXPWY,WH,2015
5086888864,T656008C,NY,6/22/2015,7,SUBN,DODGE,0,,3RD AVE (S/B) @ E 13,BK,2014
5086852924,GGP6472,NY,6/20/2015,7,SUBN,ACURA,0,,NORTHERN BLVD (W/B),WH,2014
5086890597,G27EZE,NJ,6/22/2015,7,WAGO,NISSA,0,,QUEENS BLVD (W/B) @,BK,2015
5086854672,T416331C,NY,6/20/2015,7,4DSD,LINCO,0,,BRUCKNER BLVD (E/B),BK,2006
5086892569,T657092C,NY,6/22/2015,7,SUBN,LINCO,0,,VAN WYCK EXP SVC RD,BK,2011
5086856711,GUW6569,NY,6/20/2015,7,SUBN,HONDA,0,,RICHMOND AVE (N/B) @,GY,2014
5086894645,GNX1292,NY,6/22/2015,7,SUBN,SUBAR,0,,NORTHERN BLVD (E/B),RD,2011
5086858628,GSD5025,NY,6/20/2015,7,2DSD,BMW,0,,PENNSYLVANIA AVE (S/,BK,2014
5086822853,GYK3215,NY,6/18/2015,7,4DSD,HONDA,0,,ATLANTIC AVE (E/B) @,WH,2002
5086860891,JJY5911,PA,6/20/2015,7,SW,HONDA,0,,PENNSYLVANIA AVE (N/,,2013
5086896101,T611319C,NY,6/22/2015,7,4DSD,FORD,0,,VICTORY BLVD (E/B) @,BL,2008
5086898171,URWORLD,NY,6/22/2015,7,4DSD,INFIN,0,,NORTHERN BLVD (E/B),WH,2006
5086964052,GNN9383,NY,6/26/2015,7,SUBN,CHRYS,0,,OCEAN PKWY (N/B) @ S,BL,2005
5086899977,GJN2349,NY,6/22/2015,7,SUBN,CHEVR,0,,BEACH CHANNEL DR (S/,GY,2002
5086901716,GKK7043,PA,6/22/2015,7,SDN,HONDA,0,,WB ATLANTIC AVE @ RO,,2002
5086932956,GWT4068,NY,6/24/2015,7,4DSD,INFIN,0,,VAN WYCK EXP SVC RD,BR,2011
1307399538,75425MD,NY,8/8/2015,21,REFG,ISUZU,20151231,555,CONEY ISLAND AVE,WHITE,2014
5086934412,T667501C,NY,6/24/2015,7,4DSD,TOYOT,0,,SO CONDUIT AVE (E/B),BK,2015
5086905096,GFD7208,NY,6/23/2015,7,4DSD,DODGE,0,,NORTHERN BLVD (W/B),BK,2013
5086936330,GLP8169,NY,6/24/2015,7,SUBN,TOYOT,0,,HAMILTON AVE (N/B) @,GY,2007
5086907020,GYD5646,NY,6/23/2015,7,4DSD,HONDA,0,,CONEY ISLAND AVE (S/,WH,2003
5086908840,T671168C,NY,6/23/2015,7,TAXI,FORD,0,,MCDONALD AVE (S/B) @,GR,2011
5086939823,GTL9788,NY,6/24/2015,7,SUBN,HONDA,0,,ATLANTIC AVE (E/B) @,GR,2006
5086910742,Y918NB,NY,6/23/2015,7,SUBN,HONDA,0,,BROADWAY (S/B) @ SHE,GY,2007
5086941714,GTX4784,NY,6/24/2015,7,4DSD,HONDA,0,,WILLIAMSBURG ST (S/B,BK,2014
5086912726,P26205,MA,6/23/2015,7,VAN,FRUEH,0,,2ND AVE (S/B) @ 26TH,WHITE,2011
5086943310,GMA8371,PA,6/25/2015,7,SW,DODGE,0,,SB OCEAN PKWY @ AVEN,,1999
5086914413,GCP1576,NY,6/23/2015,7,4DSD,TOYOT,0,,ATLANTIC AVE (E/B) @,BK,2008
5086945410,GYA3106,NY,6/25/2015,7,4DSD,NISSA,0,,ATLANTIC AVE (W/B) @,WH,2008
5086916288,GWT7473,NY,6/23/2015,7,SUBN,ACURA,0,,ROCKAWAY BLVD (N/B),WH,2015
5086947467,GRD6121,NY,6/25/2015,7,SUBN,CHEVR,0,,WHITE PLAINS RD (S/B,WH,2014
5086918182,GHK6733,NY,6/23/2015,7,4DSD,NISSA,0,,S CONDUIT AVE (E/B),LTGY,2014
5086949117,GRS3193,NY,6/25/2015,7,4DSD,MITSU,0,,QUEENS BLVD (W/B) @,BL,2005
5086951021,GTP9927,NY,6/25/2015,7,SUBN,BMW,0,,EASTERN PKWY (W/B) @,GY,2003
5086921648,GBS9679,NY,6/24/2015,7,SUBN,GMC,0,,QUEENS BLVD (W/B) @,RD,2004
5086953078,ZDR8875,PA,6/25/2015,7,TK,FORD,0,,BRUCKNER BLVD (E/B),,0
5086923682,GPJ2730,NY,6/24/2015,7,4DSD,HONDA,0,,ROCKAWAY BLVD (W/B),BR,2014
5086954769,GMT9931,NY,6/25/2015,7,SUBN,MITSU,0,,NB OCEAN PKWY @ 18TH,GY,2004
5086925370,GGD1138,NY,6/24/2015,7,SUBN,LEXUS,0,,NORTHERN BLVD (W/B),WH,2013
5086956675,JVL1174,PA,6/25/2015,7,SDN,CHEVR,0,,WHITE PLAINS RD (S/B,,2015
5086927286,GNE1388,NY,6/24/2015,7,SUBN,TOYOT,0,,ASTORIA BLVD (W/B) @,GY,2014
5086958519,X81CYF,NJ,6/25/2015,7,VAN,FORD,0,,GRAND CONCOURSE (N/B,WT,2001
5086929507,T652302C,NY,6/24/2015,7,4DSD,TOYOT,0,,CADMAN PLAZA (E/B) @,BK,2014
5086960277,GVF4680,NY,6/25/2015,7,4DSD,AUDI,0,,WHITESTONE EXPWY SVC,BL,2013
5087003000,GAU7401,NY,6/28/2015,7,SUBN,NISSA,0,,FLATBUSH AVE (N/B) @,BK,2013
5087005081,T642678C,NY,6/28/2015,7,4DSD,TOYOT,0,,ASTORIA BLVD (W/B) @,GY,2013
5086968914,GRZ4430,NY,6/26/2015,7,4DSD,HONDA,0,,ATLANTIC AVE (E/B) @,BK,2014
5087007004,GMK7891,NY,6/28/2015,7,SUBN,ME/BE,0,,L.I.E. N. SVC ROAD (,WH,2014
5086970775,GCF3854,NY,6/26/2015,7,SUBN,NISSA,0,,ASTORIA BLVD (E/B) @,BK,2012
5087009049,GHJ8364,NY,6/28/2015,7,4DSD,HYUND,0,,FLATBUSH AVE (S/B) @,BL,2014
5086972644,GXB4541,NY,6/26/2015,7,SUBN,TOYOT,0,,CROSSBAY BLVD (S/B),BK,2006
5087010696,GHN6851,NY,6/28/2015,7,SUBN,ACURA,0,,BRUCKNER BLVD (E/B),WH,2008
5086974628,GMS1542,NY,6/26/2015,7,SUBN,JEEP,0,,ATLANTIC AVE (W/B) @,GY,2002
5087012360,GMR4544,NY,6/28/2015,7,SUBN,FORD,0,,BEACH CHANNEL DR (W/,BK,2002
5086976390,Y22FHC,NJ,6/26/2015,7,4 DR,SUBAR,0,,ROCKAWAY BLVD (N/B),BK,2015
5087014070,WST1412,VA,6/28/2015,7,WAGO,HONDA,0,,ROCKAWAY PKWY (N/B),BLK,2013
5086977770,T636954C,NY,6/26/2015,7,4DSD,HONDA,0,,WHITE PLAINS RD (S/B,BK,2012
5086979742,GXG4631,NY,6/26/2015,7,SUBN,ME/BE,0,,CLOVE RD (N/B) @ CHE,BL,2006
5087017770,T678057C,NY,6/28/2015,7,SUBN,CHEVR,0,,5TH AVE (S/B) @ 40TH,BK,2011
5086981335,K81EBP,NJ,6/26/2015,7,2 DR,PORSC,0,,ARTHUR KILL RD (W/B),BK,2014
5087019432,PAULLISA,NY,6/29/2015,7,PICK,FORD,0,,NORTHERN BLVD (W/B),GY,2014
5086982972,GLN6758,NY,6/27/2015,7,2DSD,HYUND,0,,ASTORIA BLVD S (E/B),GY,2013
5087021736,GDG5245,NY,6/29/2015,7,SUBN,FORD,0,,BEACH CHANNEL DR (W/,WH,2012
5086984610,V663942,IL,6/27/2015,7,4 DO,DODGE,0,,HAMILTON AVE (N/B) @,,2014
5087023605,RYS59D,NJ,6/29/2015,7,WAGO,SUBAR,0,,FLATBUSH AVE (N/B) @,SL,2005
5086986679,GGF2207,NY,6/27/2015,7,SUBN,SUBAR,0,,CLASSON AVE (N/B) @,WH,1999
5087025249,GGM6216,NY,6/29/2015,7,4DSD,ME/BE,0,,ATLANTIC AVE (W/B) @,BK,2015
5086988706,GUY8567,NY,6/27/2015,7,2DSD,NISSA,0,,NORTHERN BLVD (E/B),WH,2015
5087026965,GVA2863,NY,6/29/2015,7,PICK,NISSA,0,,ALLERTON AVE (W/B) @,GY,2013
5087029036,GTY1480,NY,6/29/2015,7,SUBN,HONDA,0,,ARTHUR KILL RD (W/B),BR,2011
5086992953,GXU4712,NY,6/27/2015,7,4DSD,MAZDA,0,,L.I.E. N. SVC ROAD (,GR,2001
5087030993,GKB2109,NY,6/29/2015,7,SUBN,CHEVR,0,,BRUCKNER BLVD (E/B),WH,2014
5086994858,GFE9017,NY,6/27/2015,7,4DSD,HYUND,0,,2ND AVE (S/B) @ 26TH,WH,2013
5087032862,PAPAMEMA,NY,6/29/2015,7,SUBN,CHEVR,0,,HORACE HARDING EXPWY,BK,2012
5086996569,YHP57J,NJ,6/27/2015,7,4 DR,NISSA,0,,OCEAN PKWY (N/B) @ C,WT,2015
5087034688,GKW2432,NY,6/29/2015,7,4DSD,VOLKS,0,,ATLANTIC AVE (W/B) @,GY,2012
5086998189,V33ELP,NJ,6/27/2015,7,4 DR,TOYOT,0,,ATLANTIC AVE (W/B) @,BL,2007
5086965160,GFP8111,NY,6/26/2015,7,SUBN,NISSA,0,,ROCKAWAY BLVD (N/B),GY,2010
5087000370,IDC2,NY,6/27/2015,7,SUBN,JEEP,0,,CROPSEY AVE (W/B) @,WH,2014
5087036077,GVG6033,NY,6/29/2015,7,4DSD,LEXUS,0,,ATLANTIC AVE (W/B) @,GY,2013
5087101367,GLP1555,NY,7/3/2015,7,4DSD,ME/BE,0,,SO CONDUIT AVE (E/B),BK,2013
5087103273,T624638C,NY,7/3/2015,7,4DSD,LINCO,0,,3RD AVE (N/B) @ 36TH,BK,2013
5087039844,GLC2772,NY,6/30/2015,7,SUBN,TOYOT,0,,HORACE HARDING EXPWY,GY,2007
5087041942,GFD4472,NY,6/30/2015,7,SUBN,FORD,0,,BRUCKNER BLVD (E/B),BK,2013
5087071971,T622310C,NY,7/1/2015,7,SUBN,TOYOT,0,,ROCKAWAY BLVD (S/B),BK,2013
5087043847,GMJ9919,NY,6/30/2015,7,SUBN,FORD,0,,VICTORY BLVD (W/B) @,BK,2014
5087073608,T659695C,NY,7/2/2015,7,SUBN,DODGE,0,,HOWARD AVE (N/B) @ E,BL,2007
5087045820,T802JR,FL,6/30/2015,7,4D,LEXUS,0,,WEST ST (S/B) @ W HO,BLU,2013
5087075540,PDC1713,GA,7/2/2015,7,4S,HONDA,0,,GUN HILL ROAD (W/B),BLK,2004
5087047713,GXE5902,NY,6/30/2015,7,2DSD,HONDA,0,,BRONX RIVER PKWY OFF,GY,2012
5087077432,GRF6655,NY,7/2/2015,7,SUBN,CHEVR,0,,CROSSBAY BLVD (N/B),WH,1999
5087049278,T628866C,NY,6/30/2015,7,SUBN,LINCO,0,,ATLANTIC AVE (E/B) @,BK,2010
5087079271,GYY709,AK,7/2/2015,7,SW,SUBAR,0,,CROSSBAY BLVD (S/B),SIL,2015
5087081393,GBV2704,NY,7/2/2015,7,SUBN,ME/BE,0,,BEACH CHANNEL DR (W/,RD,2013
5087052800,T633735C,NY,6/30/2015,7,4DSD,LINCO,0,,OCEAN PKWY (N/B) @ S,BK,2005
5087083468,ISMARINE,NY,7/2/2015,7,4DSD,TOYOT,0,,CLOVE RD (S/B) @ CHE,GY,2009
5087054470,ZETASM,NY,7/1/2015,7,SUBN,ME/BE,0,,BEACH CHANNEL DR (W/,GY,2015
5087085131,GMR7344,NY,7/2/2015,7,4DSD,TOYOT,0,,EB GRAND CENTRAL PKW,GY,2012
5087056313,L10L,CT,7/1/2015,7,4D S,LINCO,0,,VAN WYCK EXP SVC RD,BLK,2013
5087087050,GYP7410,NY,7/2/2015,7,4DSD,LEXUS,0,,2ND AVE (S/B) @ 26TH,BK,2012
5087058220,GCU9519,NY,7/1/2015,7,4DSD,BMW,0,,PENNSYLVANIA AVE (N/,BK,2009
5087088727,GKE1757,NY,7/2/2015,7,4DSD,NISSA,0,,ROCKAWAY BLVD (N/B),BK,2010
5087060183,T603898C,NY,7/1/2015,7,VAN,FORD,0,,EB GRAND CENTRAL PKW,WH,2010
5087090370,V639600,IL,7/2/2015,7,4 DO,TOYOT,0,,ATLANTIC AVE (E/B) @,,2014
5087062180,GGP6047,NY,7/1/2015,7,4DSD,LEXUS,0,,WHITESTONE EXPWY SVC,GY,2013
5087092019,GLR8338,NY,7/3/2015,7,SUBN,HONDA,0,,ALLERTON AVE (E/B) @,GY,2001
5087094077,GTX6436,NY,7/3/2015,7,4DSD,BMW,0,,EB GRAND CENTRAL PKW,BK,2014
5087065995,GPD6905,NY,7/1/2015,7,4DSD,BMW,0,,RICHMOND AVE (N/B) @,GY,2008
5087096165,T632559C,NY,7/3/2015,7,4DSD,FORD,0,,PENNSYLVANIA AVE (N/,GR,2010
5087067724,GGS8037,NY,7/1/2015,7,PICK,DODGE,0,,ATLANTIC AVE (E/B) @,BL,2005
5087098101,GVB6148,NY,7/3/2015,7,4DSD,NISSA,0,,HORACE HARDING EXPWY,GY,2002
5087069526,GXA6342,NY,7/1/2015,7,4DSD,CHEVR,0,,GRAND CONCOURSE (S/B,WH,2003
5087099944,GVM6317,NY,7/3/2015,7,4DSD,ME/BE,0,,BRONX RIVER PKWY OFF,GY,2015
5087138135,GTR4213,NY,7/5/2015,7,SUBN,TOYOT,0,,HAMILTON AVE (N/B) @,GY,2014
5087106110,GVU8641,NY,7/3/2015,7,4DSD,HONDA,0,,OCEAN PKWY (N/B) @ A,BK,2015
5087139772,GNX2724,NY,7/5/2015,7,4DSD,LINCO,0,,SURF AVE (W/B) @ W 5,BK,2014
5087107620,JAG452,SC,7/3/2015,7,4S,NISSA,0,,ATLANTIC AVE (E/B) @,,2013
5087141572,GCU3408,NY,7/6/2015,7,4DSD,KIA,0,,GUN HILL RD (E/B) @,BK,2015
5087143659,GRT1226,NY,7/6/2015,7,4DSD,CHEVR,0,,GRAND CONCOURSE (N/B,TN,2010
5087110745,GXB5638,NY,7/4/2015,7,SUBN,FORD,0,,WOODHAVEN BLVD (N/B),RD,2002
5087145590,GUY2735,NY,7/6/2015,7,SUBN,HONDA,0,,NORTHERN BLVD (E/B),RD,2007
5087112316,GKE5405,NY,7/4/2015,7,4DSD,HONDA,0,,CADMAN PLAZA (E/B) @,BL,2013
5087147653,GJS2202,PA,7/6/2015,7,SW,DODGE,0,,MADISON AVE (N/B) @,,2006
5087114374,T633448C,NY,7/4/2015,7,4DSD,TOYOT,0,,SURF AVE (W/B) @ W 5,BK,2012
5087149480,GXA5848,NY,7/6/2015,7,SUBN,KIA,0,,GRAND CONCOURSE (S/B,GY,2014
5087116243,T611922C,NY,7/4/2015,7,4DSD,LINCO,0,,2ND AVE (S/B) @ 26TH,TN,2003
5087151292,GCL1567,NY,7/6/2015,7,SUBN,NISSA,0,,NORTHERN BLVD (W/B),GY,2012
5087117867,HHZ3362,PA,7/4/2015,7,SW,CHEVR,0,,BORDEN AVE (E/B) @ G,,1994
5087153045,X64DEN,NJ,7/6/2015,7,4 DR,TOYOT,0,,ASTORIA BLVD (W/B) @,RD,2013
5087119610,GNN6901,NY,7/4/2015,7,4DSD,LINCO,0,,2ND AVE (S/B) @ 26TH,MR,1998
5087121408,GXW8294,NY,7/4/2015,7,4DSD,BMW,0,,OCEAN PKWY (N/B) @ A,WH,2008
5087156265,JSH8111,PA,7/7/2015,7,SDN,HYUND,0,,QUEENS BLVD (E/B) @,,2015
5087122991,PKG1570,GA,7/5/2015,7,4S,ME/BE,0,,WB N CONDUIT AVE @ V,BLK,2007
5087157944,GPW4349,NY,7/7/2015,7,SUBN,KIA,0,,VAN WYCK EXP SVC RD,BK,2014
5087124148,GEN9181,NY,7/5/2015,7,SUBN,HONDA,0,,WB N CONDUIT AVE @ V,GY,2001
5087159667,GWA8696,NY,7/7/2015,7,4DSD,DODGE,0,,QUEENS BLVD (W/B) @,GY,2012
5087125931,GTD1862,NY,7/5/2015,7,4DSD,HONDA,0,,CROSSBAY BLVD (N/B),BK,2014
5087161625,T501841C,NY,7/7/2015,7,SUBN,CHEVR,0,,HORACE HARDING EXPWY,BK,2012
5087127861,GUD9870,NY,7/5/2015,7,4DSD,DODGE,0,,ATLANTIC AVE (W/B) @,RD,2005
5087163348,GFP5772,NY,7/7/2015,7,SUBN,FORD,0,,ARTHUR KILL RD (W/B),WH,2014
5087129717,GZD1395,NY,7/5/2015,7,2DSD,HONDA,0,,EB 65TH ST @ 16TH AV,GY,2006
5087165333,GUP6782,NY,7/7/2015,7,SUBN,DODGE,0,,ASTORIA BLVD (E/B) @,BL,0
5087131487,GWY7646,NY,7/5/2015,7,SUBN,NISSA,0,,QUEENS BLVD (W/B) @,BK,1997
5087133472,HUI88888,NY,7/5/2015,7,SUBN,TOYOT,0,,HOYT AVE (S/B) @ 31S,BK,2009
5087169120,GTZ5605,NY,7/7/2015,7,4DSD,BMW,0,,BRONX RIVER PKWY OFF,BK,2008
5087135201,PC39898,DE,7/4/2015,7,CMP,JEEP,0,,E 135TH ST (W/B) @ A,,2011
5087104964,KMZ341,SC,7/3/2015,7,4S,CHRYS,0,,FLATBUSH AVE (S/B) @,,0
5087136771,GKE5418,NY,7/5/2015,7,4DSD,HONDA,0,,NORTHERN BLVD (E/B),GY,2013
5087170560,MOEM6,NY,7/7/2015,7,4DSD,BMW,0,,N CONDUIT AVE (W/B),BK,2015
5087236601,PJB9938,GA,7/11/2015,7,CP,HONDA,0,,ATLANTIC AVE (W/B) @,BLK,2011
5087172301,T43EMX,NJ,7/8/2015,7,4 DR,KIA,0,,HOWARD AVE (N/B) @ E,SL,2015
5087174176,GME1703,NY,7/8/2015,7,SUBN,JEEP,0,,NORTHERN BLVD (W/B),GY,2014
5087205940,T640528C,NY,7/10/2015,7,SUBN,TOYOT,0,,ALLERTON AVE (W/B) @,GR,2014
5087175995,GXA1541,NY,7/8/2015,7,2DSD,BMW,0,,CLOVE RD (N/B) @ BAR,RD,2008
5087207777,GTL8612,NY,7/10/2015,7,4DSD,INFIN,0,,WB N CONDUIT AVE @ V,GY,2006
5087210004,GNL2503,NY,7/10/2015,7,SUBN,ACURA,0,,NORTHERN BLVD (W/B),GY,2014
5087180504,GHW5727,PA,7/8/2015,7,SDN,TOYOT,0,,23RD AVE (E/B) @ 94T,,2014
5087212074,KEG762,SC,7/10/2015,7,4S,DODGE,0,,ROCKAWAY PKWY (N/B),,2013
5087182380,U76EYW,NJ,7/8/2015,7,4 DR,FORD,0,,OCEAN PKWY (N/B) @ A,SILVR,2015
5087214149,T676441C,NY,7/10/2015,7,4DSD,MERCU,0,,OCEAN PKWY (S/B) @ S,GY,2002
5087184110,GBZ8566,NY,7/8/2015,7,4DSD,VOLKS,0,,2ND AVE (S/B) @ 26TH,WH,2015
5087216079,JMH8486,PA,7/10/2015,7,SDN,TOYOT,0,,QUEENS BLVD (E/B) @,,2001
5087185915,X006UN,FL,7/8/2015,7,UT,GMC,0,,NB OCEAN PKWY @ 18TH,BLK,2011
5087218076,GSG7456,NY,7/10/2015,7,SUBN,FORD,0,,RICHMOND RD (E/B) @,BK,2014
5087187559,GKC4971,NY,7/8/2015,7,4DSD,NISSA,0,,KINGS HWY (E/B) @ NO,GY,2004
5087219664,GVV7200,NY,7/10/2015,7,4DSD,VOLKS,0,,OCEAN PKWY (N/B) @ S,GY,2015
5087189234,GCX1833,NY,7/9/2015,7,4DSD,VOLKS,0,,S CONDUIT AVE (E/B),BK,1999
5087191496,GSM8132,NY,7/9/2015,7,SUBN,BMW,0,,4TH AVE (N/B) @ 18TH,WH,2011
5087223096,GSD6413,NY,7/10/2015,7,4DSD,ACURA,0,,ATLANTIC AVE (E/B) @,BL,2002
5087193390,YHJ40M,NJ,7/9/2015,7,4 DR,TOYOT,0,,EB 65TH ST @ 16TH AV,,2009
5087224880,GLN2932,NY,7/10/2015,7,SUBN,HONDA,0,,PENNSYLVANIA AVE (N/,BK,2014
5087195143,GRP4230,NY,7/8/2015,7,SUBN,MINI,0,,39TH ST (N/B) @ NORT,GR,2011
5087226486,GPF1561,NY,7/11/2015,7,SUBN,FORD,0,,HOYT AVE (S/B) @ 31S,BL,2002
5087196962,GXH9694,NY,7/9/2015,7,VAN,FORD,0,,CLOVE RD (S/B) @ CHE,WH,2002
5087227880,GEL4758,NY,7/11/2015,7,SUBN,CHRYS,0,,HAMILTON AVE (N/B) @,GY,2004
5087198960,GMR2318,NY,7/9/2015,7,4DSD,VOLKS,0,,ATLANTIC AVE (E/B) @,TN,2009
5087229712,GYA3242,NY,7/11/2015,7,SUBN,TOYOT,0,,2ND AVE (S/B) @ 26TH,GY,2011
5087201222,GWC8176,NY,7/9/2015,7,4DSD,VOLKS,0,,ROCKAWAY BLVD (N/B),GY,2015
5087231810,T672083C,NY,7/11/2015,7,4DSD,NISSA,0,,QUEENS BLVD (W/B) @,BK,2014
5087202822,GVY9268,NY,7/9/2015,7,SUBN,BUICK,0,,GRAND CONCOURSE (S/B,GY,2005
5087233764,GMK7491,NY,7/11/2015,7,SUBN,LEXUS,0,,ATLANTIC AVE (E/B) @,GY,2011
5087235761,GJZ3843,NY,7/11/2015,7,VAN,CHEVR,0,,ATLANTIC AVE (E/B) @,WH,2004
5087275760,GLP8154,NY,7/13/2015,7,SUBN,CHEVR,0,,ASTORIA BLVD (W/B) @,BK,2005
5087241724,GTZ5644,NY,7/11/2015,7,4DSD,HONDA,0,,E FORDHAM RD (E/B) @,GY,2005
5087277810,U37CNV,NJ,7/13/2015,7,4 DR,TOYOT,0,,OCEAN PKWY (N/B) @ A,WT,2012
5087243551,GEK1063,NY,7/11/2015,7,4DSD,MITSU,0,,OCEAN PKWY (N/B) @ A,BK,2008
5087279557,GGR3535,NY,7/13/2015,7,4DSD,AUDI,0,,ATLANTIC AVE (W/B) @,BL,2006
5087245183,GEW1272,NY,7/11/2015,7,4DSD,BMW,0,,RICHMOND RD (E/B) @,GR,2007
5087281357,GCH2376,NY,7/13/2015,7,SUBN,NISSA,0,,VICTORY BLVD (W/B) @,GY,2010
5087246746,GFM5698,NY,7/11/2015,7,SUBN,HONDA,0,,GRAND CONCOURSE (N/B,GY,2012
5087283329,GTD5268,NY,7/13/2015,7,4DSD,CHRYS,0,,ARTHUR KILL RD (E/B),GY,2015
5087248421,L45EXG,NJ,7/11/2015,7,WAGO,CHEVR,0,,LINDEN BLVD (W/B) @,BLK,2001
5087284760,S85FMA,NJ,7/13/2015,7,WAGO,TOYOT,0,,ATLANTIC AVE (E/B) @,BK,2015
5087286501,GDH2080,NY,7/13/2015,7,4DSD,FORD,0,,QUEENS BLVD (E/B) @,BK,2013
5087251596,GJN5413,NY,7/12/2015,7,2DSD,CHEVR,0,,HORACE HARDING EXPWY,BK,2013
5087288182,GWK9460,NY,7/14/2015,7,SUBN,BMW,0,,EASTERN PKWY (W/B) @,BL,2012
1307400437,431MGD,FL,8/4/2015,21,SDN,KIA,0,40,WOODRUFF AVE,BLACK,0
5087290164,GWD6989,NY,7/14/2015,7,SUBN,NISSA,0,,LINDEN BLVD (W/B) @,BK,2015
5087255668,T68DCT,NJ,7/12/2015,7,4 DR,MAZDA,0,,ASTORIA BLVD (E/B) @,BK,2013
5087291909,T651935C,NY,7/14/2015,7,4DSD,HONDA,0,,HAMILTON AVE (N/B) @,BK,2012
5087257914,GZP7761,PA,7/11/2015,7,SW,FORD,0,,HORACE HARDING EXPWY,,1999
5087293748,GKX1608,NY,7/14/2015,7,SUBN,TOYOT,0,,WOODHAVEN BLVD (N/B),GY,2005
5087259704,PWU3506,GA,7/12/2015,7,4S,ME/BE,0,,S CONDUIT AVE (E/B),BLK,2011
5087295617,XK361C,NJ,7/14/2015,7,PKUP,FORD,0,,WOODHAVEN BLVD (N/B),WT,2011
5087261334,GKP6079,NY,7/12/2015,7,SUBN,CHEVR,0,,ATLANTIC AVE (E/B) @,BK,2005
5087297602,GWM1591,NY,7/14/2015,7,4DSD,TOYOT,0,,ATLANTIC AVE (E/B) @,GL,2004
5087299600,GDP4988,NY,7/14/2015,7,SUBN,ACURA,0,,ATLANTIC AVE (W/B) @,WH,2005
5087265145,W202553C,NY,7/12/2015,7,SUBN,CHEVR,0,,EASTERN PKWY (W/B) @,GY,2008
5087301241,GNG1312,NY,7/14/2015,7,4DSD,VOLKS,0,,CLOVE RD (S/B) @ CHE,GY,2006
5087266769,GVB2597,NY,7/12/2015,7,4DSD,INFIN,0,,BEACH CHANNEL DR (W/,BR,2014
5087302830,M40754,NY,7/14/2015,7,4DSD,TOYOT,0,,WB N CONDUIT AVE @ V,WH,2008
5087268626,TANK83,VA,7/12/2015,7,4D,ME/BE,0,,FLATBUSH AVE (N/B) @,BLK,2004
5087304515,OL4051H,NJ,7/15/2015,7,WAGO,LINCO,0,,CADMAN PLAZA (E/B) @,BK,2011
5087270244,M33DVG,NJ,7/13/2015,7,4 DR,KIA,0,,ATLANTIC AVE (E/B) @,BK,2011
5087238415,VT17805,MA,7/11/2015,7,SEDA,FORD,0,,ATLANTIC AVE (E/B) @,GRAY,2015
5087271923,GUR6048,NY,7/13/2015,7,4DSD,TOYOT,0,,BEACH CHANNEL DR (W/,GY,2004
1307400747,FPS1204,NY,8/12/2015,21,SUBN,HONDA,20151106,4111,18 AVE,BLACK,2015
5087307711,GEP9551,NY,7/15/2015,7,4DSD,TOYOT,0,,EASTERN PKWY (W/B) @,TN,2009
7002263572,H97DCS,NJ,7/25/2015,38,4DSD,HYUND,88888888,37-10,30th Ave,SILVE,0
5087309574,GUV1753,NY,7/15/2015,7,SUBN,TOYOT,0,,3RD AVE (S/B) @ E 13,GY,1994
5087311570,T660875C,NY,7/15/2015,7,4DSD,TOYOT,0,,5TH AVE (S/B) @ 40TH,BK,2015
5087341068,GJX1892,NY,7/17/2015,7,PICK,CHEVR,0,,HORACE HARDING EXPWY,BK,2008
5087313255,GWC8318,NY,7/15/2015,7,CONV,BMW,0,,FLATBUSH AVE (N/B) @,GY,2008
7000206871,TESLAX,NY,7/8/2015,71,4DSD,TESL,20160909,,Ditmars Lot #2,RD,2013
5087315010,X77FJH,NJ,7/14/2015,7,WAGO,MAZDA,0,,EASTERN PKWY (W/B) @,BLU,0
7000209367,GFW5415,NY,7/22/2015,14,SUBN,BMW,20160423,37-20,Prince St,GY,2001
5087317005,GLX7268,NY,7/16/2015,7,4DSD,TOYOT,0,,WB N CONDUIT AVE @ V,GY,2006
7000680386,GYC5347,NY,6/28/2015,19,4DSD,JAGUA,20150627,33-07,83rd St,GREY,2015
5087319051,GVG8684,NY,7/16/2015,7,4DSD,LEXUS,0,,NORTHERN BLVD (E/B),GY,2015
7000682231,GVC1921,NY,7/2/2015,21,4DSD,TOYOT,20170113,22-36,41st St,WHITE,2010
5087321057,GNJ2636,NY,7/16/2015,7,4DSD,HONDA,0,,CLOVE RD (N/B) @ CHE,BK,2013
7000684495,GXA6560,NY,7/13/2015,14,SUBN,CHEVR,20170324,S,Queens Blvd,BK,1999
5087323110,JPE6112,PA,7/16/2015,7,SDN,HYUND,0,,12TH AVE (S/B) @ 34T,,2014
7000686601,GPF1686,NY,7/22/2015,20,4DSD,BMW,20160522,E,33rd St,BL,2004
5087325099,GCU6989,NY,7/16/2015,7,SUBN,DODGE,0,,S CONDUIT AVE (E/B),BK,2014
5087326985,GPU8301,NY,7/16/2015,7,SUBN,FORD,0,,BEACH CHANNEL DR (W/,TN,1992
